2026-06-29 21:04:57 | n4_b1p75 | samples=    100,096 | speed=     0 sps | loss=0.200636 | val=0.164667 | lr=2.80e-04
2026-06-29 21:05:28 | n4_b1p75 | samples=    200,192 | speed= 3,251 sps | loss=0.160600 | val=0.157800 | lr=4.60e-04
2026-06-29 21:06:04 | n4_b1p75 | samples=    300,288 | speed= 2,800 sps | loss=0.155283 | val=0.153142 | lr=6.41e-04
2026-06-29 21:06:40 | n4_b1p75 | samples=    400,384 | speed= 2,808 sps | loss=0.149593 | val=0.145669 | lr=8.21e-04
2026-06-29 21:07:11 | n4_b1p75 | samples=    500,480 | speed= 3,224 sps | loss=0.139535 | val=0.134605 | lr=1.00e-03 | D=-- | D'=--
2026-06-29 21:07:42 | n4_b1p75 | samples=    600,576 | speed= 3,208 sps | loss=0.130822 | val=0.128690 | lr=1.58e-03 | D=-- | D'=--
2026-06-29 21:08:21 | n4_b1p75 | samples=    700,672 | speed= 2,548 sps | loss=0.126283 | val=0.127694 | lr=3.11e-03 | D=-- | D'=--
2026-06-29 21:08:52 | n4_b1p75 | samples=    800,768 | speed= 3,202 sps | loss=0.123573 | val=0.126400 | lr=5.80e-03 | D=-- | D'=--
2026-06-29 21:09:24 | n4_b1p75 | samples=    900,864 | speed= 3,221 sps | loss=0.119791 | val=0.123269 | lr=1.03e-02 | D=-- | D'=--
2026-06-29 21:09:51 | n4_b1p75 | samples=  1,000,960 | speed= 3,593 sps | loss=0.118896 | val=0.124201 | lr=1.61e-02 | D=-- | D'=--
2026-06-29 21:10:19 | n4_b1p75 | samples=  1,101,056 | speed= 3,580 sps | loss=0.118171 | val=0.125762 | lr=2.43e-02 | D=-- | D'=--
2026-06-29 21:10:53 | n4_b1p75 | samples=  1,201,152 | speed= 2,952 sps | loss=0.122734 | val=0.109645 | lr=2.80e-02 | D=-- | D'=--
2026-06-29 21:11:24 | n4_b1p75 | samples=  1,301,248 | speed= 3,226 sps | loss=0.097980 | val=0.090539 | lr=5.53e-03 | D=-- | D'=--
2026-06-29 21:11:55 | n4_b1p75 | samples=  1,401,344 | speed= 3,221 sps | loss=0.090248 | val=0.086950 | lr=1.28e-03 | D=-- | D'=--
2026-06-29 21:12:26 | n4_b1p75 | samples=  1,501,440 | speed= 3,215 sps | loss=0.088456 | val=0.085999 | lr=4.65e-04 | D=-- | D'=--
2026-06-29 21:12:58 | n4_b1p75 | samples=  1,601,536 | speed= 3,164 sps | loss=0.087907 | val=0.085633 | lr=2.32e-04 | D=-- | D'=--
2026-06-29 21:13:30 | n4_b1p75 | samples=  1,701,632 | speed= 3,176 sps | loss=0.087614 | val=0.085452 | lr=1.93e-04 | D=-- | D'=--
2026-06-29 21:14:01 | n4_b1p75 | samples=  1,801,728 | speed= 3,170 sps | loss=0.087475 | val=0.085278 | lr=1.80e-04 | D=-- | D'=--
2026-06-29 21:14:33 | n4_b1p75 | samples=  1,901,824 | speed= 3,161 sps | loss=0.087354 | val=0.085174 | lr=3.20e-04 | D=-- | D'=--
2026-06-29 21:15:05 | n4_b1p75 | samples=  2,001,920 | speed= 3,158 sps | loss=0.087224 | val=0.085028 | lr=3.97e-04 | D=-- | D'=--
2026-06-29 21:15:36 | n4_b1p75 | samples=  2,102,016 | speed= 3,164 sps | loss=0.087076 | val=0.084880 | lr=4.62e-04 | D=-- | D'=--
2026-06-29 21:16:07 | n4_b1p75 | samples=  2,202,112 | speed= 3,206 sps | loss=0.086989 | val=0.084651 | lr=5.09e-04 | D=-- | D'=--
2026-06-29 21:16:39 | n4_b1p75 | samples=  2,302,208 | speed= 3,166 sps | loss=0.086489 | val=0.084094 | lr=2.52e-04 | D=-- | D'=--
2026-06-29 21:17:11 | n4_b1p75 | samples=  2,402,304 | speed= 3,176 sps | loss=0.086083 | val=0.083807 | lr=2.16e-04 | D=-- | D'=--
2026-06-29 21:17:42 | n4_b1p75 | samples=  2,502,400 | speed= 3,169 sps | loss=0.085934 | val=0.083788 | lr=3.22e-04 | D=-- | D'=--
2026-06-29 21:18:14 | n4_b1p75 | samples=  2,602,496 | speed= 3,151 sps | loss=0.085905 | val=0.083764 | lr=4.55e-04 | D=-- | D'=--
2026-06-29 21:18:46 | n4_b1p75 | samples=  2,702,592 | speed= 3,156 sps | loss=0.085821 | val=0.083354 | lr=2.95e-04 | D=-- | D'=--
2026-06-29 21:19:17 | n4_b1p75 | samples=  2,802,688 | speed= 3,167 sps | loss=0.085347 | val=0.082983 | lr=1.55e-04 | D=-- | D'=--
2026-06-29 21:19:48 | n4_b1p75 | samples=  2,902,784 | speed= 3,209 sps | loss=0.085131 | val=0.082807 | lr=8.43e-05 | D=-- | D'=--
2026-06-29 21:20:20 | n4_b1p75 | samples=  3,002,880 | speed= 3,163 sps | loss=0.085006 | val=0.082704 | lr=7.76e-05 | D=-- | D'=--
2026-06-29 21:20:51 | n4_b1p75 | samples=  3,102,976 | speed= 3,185 sps | loss=0.084907 | val=0.082652 | lr=1.10e-04 | D=-- | D'=--
2026-06-29 21:21:23 | n4_b1p75 | samples=  3,203,072 | speed= 3,165 sps | loss=0.084848 | val=0.082595 | lr=1.06e-04 | D=-- | D'=--
2026-06-29 21:21:55 | n4_b1p75 | samples=  3,303,168 | speed= 3,160 sps | loss=0.084838 | val=0.082469 | lr=5.76e-05 | D=-- | D'=--
2026-06-29 21:22:26 | n4_b1p75 | samples=  3,403,264 | speed= 3,163 sps | loss=0.084727 | val=0.082427 | lr=7.94e-05 | D=-- | D'=--
2026-06-29 21:22:58 | n4_b1p75 | samples=  3,503,360 | speed= 3,159 sps | loss=0.084643 | val=0.082360 | lr=7.04e-05 | D=-- | D'=--
2026-06-29 21:23:30 | n4_b1p75 | samples=  3,603,456 | speed= 3,186 sps | loss=0.084555 | val=0.082335 | lr=8.68e-05 | D=-- | D'=--
2026-06-29 21:24:01 | n4_b1p75 | samples=  3,703,552 | speed= 3,166 sps | loss=0.084582 | val=0.082270 | lr=6.63e-05 | D=-- | D'=--
2026-06-29 21:24:33 | n4_b1p75 | samples=  3,803,648 | speed= 3,170 sps | loss=0.084497 | val=0.082220 | lr=8.35e-05 | D=-- | D'=--
2026-06-29 21:25:01 | n4_b1p75 | samples=  3,903,744 | speed= 3,563 sps | loss=0.084461 | val=0.082248 | lr=1.74e-04 | D=-- | D'=--
2026-06-29 21:25:29 | n4_b1p75 | samples=  4,003,840 | speed= 3,550 sps | loss=0.084590 | val=0.082288 | lr=2.43e-04 | D=-- | D'=--
2026-06-29 21:25:57 | n4_b1p75 | samples=  4,103,936 | speed= 3,538 sps | loss=0.084562 | val=0.082322 | lr=3.11e-04 | D=-- | D'=--
2026-06-29 21:26:29 | n4_b1p75 | samples=  4,204,032 | speed= 3,144 sps | loss=0.084413 | val=0.081938 | lr=1.35e-04 | D=-- | D'=--
2026-06-29 21:27:01 | n4_b1p75 | samples=  4,304,128 | speed= 3,151 sps | loss=0.084173 | val=0.081763 | lr=7.32e-05 | D=-- | D'=--
2026-06-29 21:27:33 | n4_b1p75 | samples=  4,404,224 | speed= 3,155 sps | loss=0.083966 | val=0.081658 | lr=4.53e-05 | D=-- | D'=--
2026-06-29 21:28:04 | n4_b1p75 | samples=  4,504,320 | speed= 3,172 sps | loss=0.083989 | val=0.081657 | lr=8.48e-05 | D=-- | D'=--
2026-06-29 21:28:36 | n4_b1p75 | samples=  4,604,416 | speed= 3,152 sps | loss=0.083934 | val=0.081640 | lr=1.16e-04 | D=-- | D'=--
2026-06-29 21:29:08 | n4_b1p75 | samples=  4,704,512 | speed= 3,153 sps | loss=0.083903 | val=0.081614 | lr=1.35e-04 | D=-- | D'=--
2026-06-29 21:29:36 | n4_b1p75 | samples=  4,804,608 | speed= 3,553 sps | loss=0.083859 | val=0.081652 | lr=2.16e-04 | D=-- | D'=--
2026-06-29 21:30:08 | n4_b1p75 | samples=  4,904,704 | speed= 3,158 sps | loss=0.083866 | val=0.081451 | lr=1.51e-04 | D=-- | D'=--
2026-06-29 21:30:39 | n4_b1p75 | samples=  5,004,800 | speed= 3,158 sps | loss=0.083676 | val=0.081317 | lr=1.45e-04 | D=-- | D'=--
2026-06-29 21:31:11 | n4_b1p75 | samples=  5,104,896 | speed= 3,158 sps | loss=0.083546 | val=0.081224 | lr=1.24e-04 | D=-- | D'=--
2026-06-29 21:31:42 | n4_b1p75 | samples=  5,204,992 | speed= 3,196 sps | loss=0.083593 | val=0.081215 | lr=1.55e-04 | D=-- | D'=--
2026-06-29 21:32:14 | n4_b1p75 | samples=  5,305,088 | speed= 3,196 sps | loss=0.083468 | val=0.081143 | lr=1.73e-04 | D=-- | D'=--
2026-06-29 21:32:42 | n4_b1p75 | samples=  5,405,184 | speed= 3,554 sps | loss=0.083425 | val=0.081155 | lr=2.33e-04 | D=-- | D'=--
2026-06-29 21:33:13 | n4_b1p75 | samples=  5,505,280 | speed= 3,157 sps | loss=0.083561 | val=0.081062 | lr=2.29e-04 | D=-- | D'=--
2026-06-29 21:33:45 | n4_b1p75 | samples=  5,605,376 | speed= 3,159 sps | loss=0.083258 | val=0.080775 | lr=1.40e-04 | D=-- | D'=--
2026-06-29 21:34:17 | n4_b1p75 | samples=  5,705,472 | speed= 3,155 sps | loss=0.083032 | val=0.080634 | lr=1.03e-04 | D=-- | D'=--
2026-06-29 21:35:01 | n4_b1p75 | samples=  5,805,568 | speed= 2,271 sps | loss=0.083000 | val=0.080546 | lr=1.14e-04 | D=-- | D'=--
2026-06-29 21:35:29 | n4_b1p75 | samples=  5,905,664 | speed= 3,589 sps | loss=0.083121 | val=0.080821 | lr=3.01e-04 | D=-- | D'=--
2026-06-29 21:36:00 | n4_b1p75 | samples=  6,005,760 | speed= 3,177 sps | loss=0.083002 | val=0.080506 | lr=2.01e-04 | D=-- | D'=--
2026-06-29 21:36:32 | n4_b1p75 | samples=  6,105,856 | speed= 3,163 sps | loss=0.082697 | val=0.080259 | lr=1.25e-04 | D=-- | D'=--
2026-06-29 21:37:04 | n4_b1p75 | samples=  6,205,952 | speed= 3,174 sps | loss=0.082555 | val=0.080147 | lr=1.18e-04 | D=-- | D'=--
2026-06-29 21:37:35 | n4_b1p75 | samples=  6,306,048 | speed= 3,197 sps | loss=0.082449 | val=0.080049 | lr=1.10e-04 | D=-- | D'=--
2026-06-29 21:38:06 | n4_b1p75 | samples=  6,406,144 | speed= 3,173 sps | loss=0.082487 | val=0.080017 | lr=1.05e-04 | D=-- | D'=--
2026-06-29 21:38:38 | n4_b1p75 | samples=  6,506,240 | speed= 3,182 sps | loss=0.082364 | val=0.079893 | lr=9.38e-05 | D=-- | D'=--
2026-06-29 21:39:10 | n4_b1p75 | samples=  6,606,336 | speed= 3,160 sps | loss=0.082278 | val=0.079832 | lr=7.02e-05 | D=-- | D'=--
2026-06-29 21:39:41 | n4_b1p75 | samples=  6,706,432 | speed= 3,165 sps | loss=0.082205 | val=0.079764 | lr=7.32e-05 | D=-- | D'=--
2026-06-29 21:40:09 | n4_b1p75 | samples=  6,806,528 | speed= 3,563 sps | loss=0.082203 | val=0.079792 | lr=1.01e-04 | D=-- | D'=--
2026-06-29 21:40:41 | n4_b1p75 | samples=  6,906,624 | speed= 3,163 sps | loss=0.082128 | val=0.079742 | lr=1.19e-04 | D=-- | D'=--
2026-06-29 21:41:13 | n4_b1p75 | samples=  7,006,720 | speed= 3,166 sps | loss=0.082124 | val=0.079660 | lr=1.27e-04 | D=-- | D'=--
2026-06-29 21:41:44 | n4_b1p75 | samples=  7,106,816 | speed= 3,165 sps | loss=0.082048 | val=0.079579 | lr=1.39e-04 | D=-- | D'=--
2026-06-29 21:42:16 | n4_b1p75 | samples=  7,206,912 | speed= 3,144 sps | loss=0.081921 | val=0.079474 | lr=7.17e-05 | D=-- | D'=--
2026-06-29 21:42:48 | n4_b1p75 | samples=  7,307,008 | speed= 3,170 sps | loss=0.081865 | val=0.079423 | lr=9.87e-05 | D=-- | D'=--
2026-06-29 21:43:19 | n4_b1p75 | samples=  7,407,104 | speed= 3,167 sps | loss=0.081846 | val=0.079388 | lr=8.01e-05 | D=-- | D'=--
2026-06-29 21:43:51 | n4_b1p75 | samples=  7,507,200 | speed= 3,179 sps | loss=0.081817 | val=0.079364 | lr=1.04e-04 | D=-- | D'=--
2026-06-29 21:44:22 | n4_b1p75 | samples=  7,607,296 | speed= 3,165 sps | loss=0.081760 | val=0.079292 | lr=9.03e-05 | D=-- | D'=--
2026-06-29 21:44:54 | n4_b1p75 | samples=  7,707,392 | speed= 3,167 sps | loss=0.081659 | val=0.079217 | lr=6.89e-05 | D=-- | D'=--
2026-06-29 21:45:25 | n4_b1p75 | samples=  7,807,488 | speed= 3,164 sps | loss=0.081642 | val=0.079115 | lr=4.35e-05 | D=-- | D'=--
2026-06-29 21:45:54 | n4_b1p75 | samples=  7,907,584 | speed= 3,564 sps | loss=0.081488 | val=0.079173 | lr=9.15e-05 | D=-- | D'=--
2026-06-29 21:46:25 | n4_b1p75 | samples=  8,007,680 | speed= 3,178 sps | loss=0.081629 | val=0.079049 | lr=7.00e-05 | D=-- | D'=--
2026-06-29 21:46:57 | n4_b1p75 | samples=  8,107,776 | speed= 3,160 sps | loss=0.081450 | val=0.078995 | lr=4.71e-05 | D=-- | D'=--
2026-06-29 21:47:28 | n4_b1p75 | samples=  8,207,872 | speed= 3,161 sps | loss=0.081485 | val=0.078978 | lr=4.37e-05 | D=-- | D'=--
2026-06-29 21:48:00 | n4_b1p75 | samples=  8,307,968 | speed= 3,156 sps | loss=0.081344 | val=0.078953 | lr=6.35e-05 | D=-- | D'=--
2026-06-29 21:48:31 | n4_b1p75 | samples=  8,408,064 | speed= 3,209 sps | loss=0.081322 | val=0.078935 | lr=8.35e-05 | D=-- | D'=--
2026-06-29 21:49:06 | n4_b1p75 | samples=  8,508,160 | speed= 2,909 sps | loss=0.081410 | val=0.078904 | lr=1.43e-04 | D=-- | D'=--
2026-06-29 21:49:34 | n4_b1p75 | samples=  8,608,256 | speed= 3,569 sps | loss=0.081375 | val=0.078998 | lr=1.72e-04 | D=-- | D'=--
2026-06-29 21:50:05 | n4_b1p75 | samples=  8,708,352 | speed= 3,163 sps | loss=0.081340 | val=0.078814 | lr=1.08e-04 | D=-- | D'=--
2026-06-29 21:50:37 | n4_b1p75 | samples=  8,808,448 | speed= 3,166 sps | loss=0.081248 | val=0.078724 | lr=1.18e-04 | D=-- | D'=--
2026-06-29 21:51:05 | n4_b1p75 | samples=  8,908,544 | speed= 3,560 sps | loss=0.081199 | val=0.078745 | lr=1.51e-04 | D=-- | D'=--
2026-06-29 21:51:33 | n4_b1p75 | samples=  9,008,640 | speed= 3,548 sps | loss=0.081121 | val=0.078789 | lr=1.98e-04 | D=-- | D'=--
2026-06-29 21:52:02 | n4_b1p75 | samples=  9,108,736 | speed= 3,542 sps | loss=0.081316 | val=0.078826 | lr=2.51e-04 | D=-- | D'=--
2026-06-29 21:52:33 | n4_b1p75 | samples=  9,208,832 | speed= 3,146 sps | loss=0.081079 | val=0.078561 | lr=2.08e-04 | D=-- | D'=--
2026-06-29 21:53:02 | n4_b1p75 | samples=  9,308,928 | speed= 3,545 sps | loss=0.080998 | val=0.078598 | lr=2.69e-04 | D=-- | D'=--
2026-06-29 21:53:30 | n4_b1p75 | samples=  9,409,024 | speed= 3,537 sps | loss=0.081245 | val=0.079521 | lr=5.95e-04 | D=-- | D'=--
2026-06-29 21:53:58 | n4_b1p75 | samples=  9,509,120 | speed= 3,537 sps | loss=0.081410 | val=0.079279 | lr=6.28e-04 | D=-- | D'=--
2026-06-29 21:54:27 | n4_b1p75 | samples=  9,609,216 | speed= 3,531 sps | loss=0.081379 | val=0.079582 | lr=7.90e-04 | D=-- | D'=--
2026-06-29 21:54:55 | n4_b1p75 | samples=  9,709,312 | speed= 3,527 sps | loss=0.081279 | val=0.078693 | lr=6.46e-04 | D=-- | D'=--
2026-06-29 21:55:27 | n4_b1p75 | samples=  9,809,408 | speed= 3,137 sps | loss=0.079939 | val=0.077024 | lr=1.95e-04 | D=-- | D'=--
2026-06-29 21:55:59 | n4_b1p75 | samples=  9,909,504 | speed= 3,167 sps | loss=0.079304 | val=0.076632 | lr=9.27e-05 | D=-- | D'=--
2026-06-29 21:56:30 | n4_b1p75 | samples= 10,009,600 | speed= 3,146 sps | loss=0.079020 | val=0.076504 | lr=8.87e-05 | D=-- | D'=--
2026-06-29 21:57:02 | n4_b1p75 | samples= 10,109,696 | speed= 3,154 sps | loss=0.078929 | val=0.076482 | lr=1.46e-04 | D=-- | D'=--
2026-06-29 21:57:34 | n4_b1p75 | samples= 10,209,792 | speed= 3,156 sps | loss=0.079018 | val=0.076453 | lr=1.80e-04 | D=-- | D'=--
2026-06-29 21:58:05 | n4_b1p75 | samples= 10,309,888 | speed= 3,159 sps | loss=0.079023 | val=0.076353 | lr=2.31e-04 | D=-- | D'=--
2026-06-29 21:58:37 | n4_b1p75 | samples= 10,409,984 | speed= 3,200 sps | loss=0.078682 | val=0.075965 | lr=1.08e-04 | D=-- | D'=--
2026-06-29 21:59:05 | n4_b1p75 | samples= 10,510,080 | speed= 3,550 sps | loss=0.078503 | val=0.076145 | lr=2.69e-04 | D=-- | D'=--
2026-06-29 21:59:37 | n4_b1p75 | samples= 10,610,176 | speed= 3,150 sps | loss=0.078541 | val=0.075840 | lr=1.76e-04 | D=-- | D'=--
2026-06-29 22:00:08 | n4_b1p75 | samples= 10,710,272 | speed= 3,158 sps | loss=0.078227 | val=0.075505 | lr=1.06e-04 | D=-- | D'=--
2026-06-29 22:00:40 | n4_b1p75 | samples= 10,810,368 | speed= 3,146 sps | loss=0.078019 | val=0.075415 | lr=1.31e-04 | D=-- | D'=--
2026-06-29 22:01:12 | n4_b1p75 | samples= 10,910,464 | speed= 3,188 sps | loss=0.077963 | val=0.075404 | lr=1.83e-04 | D=-- | D'=--
2026-06-29 22:01:48 | n4_b1p75 | samples= 11,010,560 | speed= 2,769 sps | loss=0.078026 | val=0.075369 | lr=2.08e-04 | D=-- | D'=--
2026-06-29 22:02:19 | n4_b1p75 | samples= 11,110,656 | speed= 3,172 sps | loss=0.077923 | val=0.075281 | lr=2.58e-04 | D=-- | D'=--
2026-06-29 22:02:51 | n4_b1p75 | samples= 11,210,752 | speed= 3,190 sps | loss=0.077830 | val=0.075279 | lr=2.69e-04 | D=-- | D'=--
2026-06-29 22:03:22 | n4_b1p75 | samples= 11,310,848 | speed= 3,168 sps | loss=0.077557 | val=0.074736 | lr=1.33e-04 | D=-- | D'=--
2026-06-29 22:03:54 | n4_b1p75 | samples= 11,410,944 | speed= 3,192 sps | loss=0.077233 | val=0.074497 | lr=9.27e-05 | D=-- | D'=--
2026-06-29 22:04:25 | n4_b1p75 | samples= 11,511,040 | speed= 3,179 sps | loss=0.077108 | val=0.074353 | lr=9.63e-05 | D=-- | D'=--
2026-06-29 22:04:57 | n4_b1p75 | samples= 11,611,136 | speed= 3,166 sps | loss=0.077038 | val=0.074200 | lr=6.34e-05 | D=-- | D'=--
2026-06-29 22:05:28 | n4_b1p75 | samples= 11,711,232 | speed= 3,165 sps | loss=0.076918 | val=0.074123 | lr=6.00e-05 | D=-- | D'=--
2026-06-29 22:06:00 | n4_b1p75 | samples= 11,811,328 | speed= 3,190 sps | loss=0.076850 | val=0.074120 | lr=9.52e-05 | D=-- | D'=--
2026-06-29 22:06:31 | n4_b1p75 | samples= 11,911,424 | speed= 3,157 sps | loss=0.076787 | val=0.074015 | lr=9.22e-05 | D=-- | D'=--
2026-06-29 22:07:03 | n4_b1p75 | samples= 12,011,520 | speed= 3,169 sps | loss=0.076743 | val=0.073952 | lr=9.03e-05 | D=-- | D'=--
2026-06-29 22:07:31 | n4_b1p75 | samples= 12,111,616 | speed= 3,564 sps | loss=0.076761 | val=0.074142 | lr=1.98e-04 | D=-- | D'=--
2026-06-29 22:07:59 | n4_b1p75 | samples= 12,211,712 | speed= 3,550 sps | loss=0.076837 | val=0.074135 | lr=2.49e-04 | D=-- | D'=--
2026-06-29 22:08:32 | n4_b1p75 | samples= 12,311,808 | speed= 3,043 sps | loss=0.076559 | val=0.073645 | lr=1.12e-04 | D=-- | D'=--
2026-06-29 22:09:04 | n4_b1p75 | samples= 12,411,904 | speed= 3,169 sps | loss=0.076145 | val=0.073421 | lr=7.96e-05 | D=-- | D'=--
2026-06-29 22:09:36 | n4_b1p75 | samples= 12,512,000 | speed= 3,160 sps | loss=0.076159 | val=0.073341 | lr=8.02e-05 | D=-- | D'=--
2026-06-29 22:10:07 | n4_b1p75 | samples= 12,612,096 | speed= 3,160 sps | loss=0.076027 | val=0.073223 | lr=5.81e-05 | D=-- | D'=--
2026-06-29 22:10:39 | n4_b1p75 | samples= 12,712,192 | speed= 3,186 sps | loss=0.075938 | val=0.073176 | lr=8.44e-05 | D=-- | D'=--
2026-06-29 22:11:10 | n4_b1p75 | samples= 12,812,288 | speed= 3,172 sps | loss=0.075918 | val=0.073109 | lr=8.31e-05 | D=-- | D'=--
2026-06-29 22:11:42 | n4_b1p75 | samples= 12,912,384 | speed= 3,153 sps | loss=0.075865 | val=0.073040 | lr=8.89e-05 | D=-- | D'=--
2026-06-29 22:12:10 | n4_b1p75 | samples= 13,012,480 | speed= 3,555 sps | loss=0.075874 | val=0.073044 | lr=1.16e-04 | D=-- | D'=--
2026-06-29 22:12:42 | n4_b1p75 | samples= 13,112,576 | speed= 3,167 sps | loss=0.075887 | val=0.072931 | lr=1.20e-04 | D=-- | D'=--
2026-06-29 22:13:10 | n4_b1p75 | samples= 13,212,672 | speed= 3,547 sps | loss=0.075704 | val=0.072979 | lr=1.68e-04 | D=-- | D'=--
2026-06-29 22:13:38 | n4_b1p75 | samples= 13,312,768 | speed= 3,540 sps | loss=0.075799 | val=0.073065 | lr=2.31e-04 | D=-- | D'=--
2026-06-29 22:14:10 | n4_b1p75 | samples= 13,412,864 | speed= 3,139 sps | loss=0.075624 | val=0.072578 | lr=1.18e-04 | D=-- | D'=--
2026-06-29 22:14:42 | n4_b1p75 | samples= 13,512,960 | speed= 3,135 sps | loss=0.075289 | val=0.072364 | lr=6.03e-05 | D=-- | D'=--
2026-06-29 22:15:10 | n4_b1p75 | samples= 13,613,056 | speed= 3,542 sps | loss=0.075230 | val=0.072378 | lr=1.20e-04 | D=-- | D'=--
2026-06-29 22:15:42 | n4_b1p75 | samples= 13,713,152 | speed= 3,143 sps | loss=0.075252 | val=0.072335 | lr=1.41e-04 | D=-- | D'=--
2026-06-29 22:16:14 | n4_b1p75 | samples= 13,813,248 | speed= 3,151 sps | loss=0.075121 | val=0.072195 | lr=1.26e-04 | D=-- | D'=--
2026-06-29 22:16:42 | n4_b1p75 | samples= 13,913,344 | speed= 3,546 sps | loss=0.075222 | val=0.072516 | lr=2.68e-04 | D=-- | D'=--
2026-06-29 22:17:14 | n4_b1p75 | samples= 14,013,440 | speed= 3,094 sps | loss=0.075145 | val=0.072110 | lr=1.95e-04 | D=-- | D'=--
2026-06-29 22:17:46 | n4_b1p75 | samples= 14,113,536 | speed= 3,176 sps | loss=0.074856 | val=0.071739 | lr=1.31e-04 | D=-- | D'=--
2026-06-29 22:18:18 | n4_b1p75 | samples= 14,213,632 | speed= 3,156 sps | loss=0.074535 | val=0.071592 | lr=1.27e-04 | D=-- | D'=--
2026-06-29 22:18:46 | n4_b1p75 | samples= 14,313,728 | speed= 3,552 sps | loss=0.074455 | val=0.071626 | lr=1.73e-04 | D=-- | D'=--
2026-06-29 22:19:18 | n4_b1p75 | samples= 14,413,824 | speed= 3,155 sps | loss=0.074467 | val=0.071544 | lr=2.07e-04 | D=-- | D'=--
2026-06-29 22:19:49 | n4_b1p75 | samples= 14,513,920 | speed= 3,156 sps | loss=0.074456 | val=0.071408 | lr=1.79e-04 | D=-- | D'=--
2026-06-29 22:20:21 | n4_b1p75 | samples= 14,614,016 | speed= 3,154 sps | loss=0.074155 | val=0.070981 | lr=9.38e-05 | D=-- | D'=--
2026-06-29 22:20:52 | n4_b1p75 | samples= 14,714,112 | speed= 3,191 sps | loss=0.073879 | val=0.070805 | lr=6.66e-05 | D=-- | D'=--
2026-06-29 22:21:21 | n4_b1p75 | samples= 14,814,208 | speed= 3,552 sps | loss=0.073821 | val=0.070849 | lr=1.14e-04 | D=-- | D'=--
2026-06-29 22:21:49 | n4_b1p75 | samples= 14,914,304 | speed= 3,542 sps | loss=0.073806 | val=0.070873 | lr=1.64e-04 | D=-- | D'=--
2026-06-29 22:22:21 | n4_b1p75 | samples= 15,014,400 | speed= 3,151 sps | loss=0.073768 | val=0.070736 | lr=1.35e-04 | D=-- | D'=--
2026-06-29 22:22:52 | n4_b1p75 | samples= 15,114,496 | speed= 3,161 sps | loss=0.073505 | val=0.070484 | lr=8.45e-05 | D=-- | D'=--
2026-06-29 22:23:24 | n4_b1p75 | samples= 15,214,592 | speed= 3,161 sps | loss=0.073433 | val=0.070333 | lr=5.68e-05 | D=-- | D'=--
2026-06-29 22:23:55 | n4_b1p75 | samples= 15,314,688 | speed= 3,201 sps | loss=0.073407 | val=0.070305 | lr=9.98e-05 | D=-- | D'=--
2026-06-29 22:24:27 | n4_b1p75 | samples= 15,414,784 | speed= 3,198 sps | loss=0.073279 | val=0.070165 | lr=6.48e-05 | D=-- | D'=--
2026-06-29 22:24:55 | n4_b1p75 | samples= 15,514,880 | speed= 3,547 sps | loss=0.073282 | val=0.070220 | lr=1.15e-04 | D=-- | D'=--
2026-06-29 22:25:23 | n4_b1p75 | samples= 15,614,976 | speed= 3,540 sps | loss=0.073208 | val=0.070297 | lr=1.53e-04 | D=-- | D'=--
2026-06-29 22:25:55 | n4_b1p75 | samples= 15,715,072 | speed= 3,149 sps | loss=0.073180 | val=0.070031 | lr=9.98e-05 | D=-- | D'=--
2026-06-29 22:26:27 | n4_b1p75 | samples= 15,815,168 | speed= 3,153 sps | loss=0.072950 | val=0.069843 | lr=6.56e-05 | D=-- | D'=--
2026-06-29 22:26:58 | n4_b1p75 | samples= 15,915,264 | speed= 3,152 sps | loss=0.072901 | val=0.069769 | lr=6.19e-05 | D=-- | D'=--
2026-06-29 22:27:30 | n4_b1p75 | samples= 16,015,360 | speed= 3,188 sps | loss=0.072793 | val=0.069667 | lr=6.21e-05 | D=-- | D'=--
2026-06-29 22:27:58 | n4_b1p75 | samples= 16,115,456 | speed= 3,550 sps | loss=0.072791 | val=0.069759 | lr=1.12e-04 | D=-- | D'=--
2026-06-29 22:28:26 | n4_b1p75 | samples= 16,215,552 | speed= 3,544 sps | loss=0.072846 | val=0.070041 | lr=2.06e-04 | D=-- | D'=--
2026-06-29 22:28:54 | n4_b1p75 | samples= 16,315,648 | speed= 3,537 sps | loss=0.072968 | val=0.069876 | lr=1.92e-04 | D=-- | D'=--
2026-06-29 22:29:26 | n4_b1p75 | samples= 16,415,744 | speed= 3,147 sps | loss=0.072732 | val=0.069464 | lr=1.26e-04 | D=-- | D'=--
2026-06-29 22:29:54 | n4_b1p75 | samples= 16,515,840 | speed= 3,545 sps | loss=0.072829 | val=0.070220 | lr=3.25e-04 | D=-- | D'=--
2026-06-29 22:30:26 | n4_b1p75 | samples= 16,615,936 | speed= 3,150 sps | loss=0.072881 | val=0.069418 | lr=1.88e-04 | D=-- | D'=--
2026-06-29 22:30:58 | n4_b1p75 | samples= 16,716,032 | speed= 3,154 sps | loss=0.072216 | val=0.068926 | lr=8.17e-05 | D=-- | D'=--
2026-06-29 22:31:30 | n4_b1p75 | samples= 16,816,128 | speed= 3,155 sps | loss=0.071925 | val=0.068742 | lr=9.00e-05 | D=-- | D'=--
2026-06-29 22:31:58 | n4_b1p75 | samples= 16,916,224 | speed= 3,545 sps | loss=0.071916 | val=0.068795 | lr=1.25e-04 | D=-- | D'=--
2026-06-29 22:32:26 | n4_b1p75 | samples= 17,016,320 | speed= 3,540 sps | loss=0.071869 | val=0.068774 | lr=1.62e-04 | D=-- | D'=--
2026-06-29 22:32:55 | n4_b1p75 | samples= 17,116,416 | speed= 3,531 sps | loss=0.071899 | val=0.068935 | lr=2.23e-04 | D=-- | D'=--
2026-06-29 22:33:23 | n4_b1p75 | samples= 17,216,512 | speed= 3,528 sps | loss=0.072026 | val=0.068998 | lr=3.01e-04 | D=-- | D'=--
2026-06-29 22:33:58 | n4_b1p75 | samples= 17,316,608 | speed= 2,873 sps | loss=0.071835 | val=0.068473 | lr=1.93e-04 | D=-- | D'=--
2026-06-29 22:34:26 | n4_b1p75 | samples= 17,416,704 | speed= 3,549 sps | loss=0.071632 | val=0.068674 | lr=2.69e-04 | D=-- | D'=--
2026-06-29 22:34:58 | n4_b1p75 | samples= 17,516,800 | speed= 3,149 sps | loss=0.071324 | val=0.067901 | lr=1.11e-04 | D=-- | D'=--
2026-06-29 22:35:30 | n4_b1p75 | samples= 17,616,896 | speed= 3,146 sps | loss=0.070864 | val=0.067595 | lr=6.51e-05 | D=-- | D'=--
2026-06-29 22:36:01 | n4_b1p75 | samples= 17,716,992 | speed= 3,146 sps | loss=0.070714 | val=0.067439 | lr=5.15e-05 | D=-- | D'=--
2026-06-29 22:36:30 | n4_b1p75 | samples= 17,817,088 | speed= 3,550 sps | loss=0.070652 | val=0.067519 | lr=9.00e-05 | D=-- | D'=--
2026-06-29 22:37:01 | n4_b1p75 | samples= 17,917,184 | speed= 3,165 sps | loss=0.070721 | val=0.067361 | lr=6.35e-05 | D=-- | D'=--
2026-06-29 22:37:33 | n4_b1p75 | samples= 18,017,280 | speed= 3,160 sps | loss=0.070560 | val=0.067244 | lr=4.76e-05 | D=-- | D'=--
2026-06-29 22:38:05 | n4_b1p75 | samples= 18,117,376 | speed= 3,152 sps | loss=0.070503 | val=0.067206 | lr=5.83e-05 | D=-- | D'=--
2026-06-29 22:38:36 | n4_b1p75 | samples= 18,217,472 | speed= 3,160 sps | loss=0.070431 | val=0.067117 | lr=4.59e-05 | D=-- | D'=--
2026-06-29 22:39:07 | n4_b1p75 | samples= 18,317,568 | speed= 3,213 sps | loss=0.070402 | val=0.067082 | lr=5.64e-05 | D=-- | D'=--
2026-06-29 22:39:36 | n4_b1p75 | samples= 18,417,664 | speed= 3,555 sps | loss=0.070463 | val=0.067137 | lr=9.08e-05 | D=-- | D'=--
2026-06-29 22:40:07 | n4_b1p75 | samples= 18,517,760 | speed= 3,157 sps | loss=0.070415 | val=0.066961 | lr=5.86e-05 | D=-- | D'=--
2026-06-29 22:40:39 | n4_b1p75 | samples= 18,617,856 | speed= 3,159 sps | loss=0.070223 | val=0.066839 | lr=3.49e-05 | D=-- | D'=--
2026-06-29 22:41:11 | n4_b1p75 | samples= 18,717,952 | speed= 3,155 sps | loss=0.070176 | val=0.066827 | lr=4.21e-05 | D=-- | D'=--
2026-06-29 22:41:42 | n4_b1p75 | samples= 18,818,048 | speed= 3,162 sps | loss=0.070085 | val=0.066751 | lr=3.26e-05 | D=-- | D'=--
2026-06-29 22:42:14 | n4_b1p75 | samples= 18,918,144 | speed= 3,202 sps | loss=0.070115 | val=0.066718 | lr=3.28e-05 | D=-- | D'=--
2026-06-29 22:42:45 | n4_b1p75 | samples= 19,018,240 | speed= 3,216 sps | loss=0.069978 | val=0.066677 | lr=2.93e-05 | D=-- | D'=--
2026-06-29 22:43:16 | n4_b1p75 | samples= 19,118,336 | speed= 3,211 sps | loss=0.070028 | val=0.066665 | lr=2.98e-05 | D=-- | D'=--
2026-06-29 22:43:48 | n4_b1p75 | samples= 19,218,432 | speed= 3,164 sps | loss=0.069981 | val=0.066618 | lr=3.26e-05 | D=-- | D'=--
2026-06-29 22:44:16 | n4_b1p75 | samples= 19,318,528 | speed= 3,560 sps | loss=0.069922 | val=0.066630 | lr=4.16e-05 | D=-- | D'=--
2026-06-29 22:44:44 | n4_b1p75 | samples= 19,418,624 | speed= 3,550 sps | loss=0.070058 | val=0.066826 | lr=1.17e-04 | D=-- | D'=--
2026-06-29 22:45:12 | n4_b1p75 | samples= 19,518,720 | speed= 3,547 sps | loss=0.070140 | val=0.066844 | lr=1.58e-04 | D=-- | D'=--
2026-06-29 22:45:40 | n4_b1p75 | samples= 19,618,816 | speed= 3,540 sps | loss=0.070203 | val=0.066870 | lr=1.72e-04 | D=-- | D'=--
2026-06-29 22:46:12 | n4_b1p75 | samples= 19,718,912 | speed= 3,153 sps | loss=0.070100 | val=0.066537 | lr=1.07e-04 | D=-- | D'=--
2026-06-29 22:46:44 | n4_b1p75 | samples= 19,819,008 | speed= 3,155 sps | loss=0.069804 | val=0.066354 | lr=8.81e-05 | D=-- | D'=--
2026-06-29 22:47:21 | n4_b1p75 | samples= 19,919,104 | speed= 2,690 sps | loss=0.069706 | val=0.066326 | lr=8.85e-05 | D=-- | D'=--
2026-06-29 22:47:53 | n4_b1p75 | samples= 20,019,200 | speed= 3,179 sps | loss=0.069594 | val=0.066215 | lr=1.06e-04 | D=-- | D'=--
2026-06-29 22:48:24 | n4_b1p75 | samples= 20,119,296 | speed= 3,169 sps | loss=0.069609 | val=0.066153 | lr=1.09e-04 | D=-- | D'=--
2026-06-29 22:48:52 | n4_b1p75 | samples= 20,219,392 | speed= 3,569 sps | loss=0.069525 | val=0.066166 | lr=1.37e-04 | D=-- | D'=--
2026-06-29 22:49:24 | n4_b1p75 | samples= 20,319,488 | speed= 3,166 sps | loss=0.069399 | val=0.065999 | lr=8.95e-05 | D=-- | D'=--
2026-06-29 22:49:55 | n4_b1p75 | samples= 20,419,584 | speed= 3,169 sps | loss=0.069329 | val=0.065901 | lr=1.00e-04 | D=-- | D'=--
2026-06-29 22:50:27 | n4_b1p75 | samples= 20,519,680 | speed= 3,172 sps | loss=0.069279 | val=0.065813 | lr=1.04e-04 | D=-- | D'=--
2026-06-29 22:50:55 | n4_b1p75 | samples= 20,619,776 | speed= 3,564 sps | loss=0.069303 | val=0.065867 | lr=1.38e-04 | D=-- | D'=--
2026-06-29 22:51:27 | n4_b1p75 | samples= 20,719,872 | speed= 3,162 sps | loss=0.069230 | val=0.065702 | lr=1.10e-04 | D=-- | D'=--
2026-06-29 22:51:55 | n4_b1p75 | samples= 20,819,968 | speed= 3,559 sps | loss=0.069095 | val=0.065805 | lr=1.59e-04 | D=-- | D'=--
2026-06-29 22:52:23 | n4_b1p75 | samples= 20,920,064 | speed= 3,550 sps | loss=0.069165 | val=0.065842 | lr=1.98e-04 | D=-- | D'=--
2026-06-29 22:52:55 | n4_b1p75 | samples= 21,020,160 | speed= 3,158 sps | loss=0.069065 | val=0.065572 | lr=1.40e-04 | D=-- | D'=--
2026-06-29 22:53:26 | n4_b1p75 | samples= 21,120,256 | speed= 3,155 sps | loss=0.068803 | val=0.065157 | lr=7.02e-05 | D=-- | D'=--
2026-06-29 22:53:55 | n4_b1p75 | samples= 21,220,352 | speed= 3,558 sps | loss=0.068619 | val=0.065239 | lr=1.35e-04 | D=-- | D'=--
2026-06-29 22:54:23 | n4_b1p75 | samples= 21,320,448 | speed= 3,550 sps | loss=0.068769 | val=0.065289 | lr=1.46e-04 | D=-- | D'=--
2026-06-29 22:54:51 | n4_b1p75 | samples= 21,420,544 | speed= 3,542 sps | loss=0.068664 | val=0.065325 | lr=1.88e-04 | D=-- | D'=--
2026-06-29 22:55:19 | n4_b1p75 | samples= 21,520,640 | speed= 3,540 sps | loss=0.068843 | val=0.065792 | lr=2.88e-04 | D=-- | D'=--
2026-06-29 22:55:51 | n4_b1p75 | samples= 21,620,736 | speed= 3,148 sps | loss=0.068688 | val=0.065035 | lr=1.61e-04 | D=-- | D'=--
2026-06-29 22:56:23 | n4_b1p75 | samples= 21,720,832 | speed= 3,151 sps | loss=0.068187 | val=0.064611 | lr=1.07e-04 | D=-- | D'=--
2026-06-29 22:56:55 | n4_b1p75 | samples= 21,820,928 | speed= 3,151 sps | loss=0.067910 | val=0.064416 | lr=7.94e-05 | D=-- | D'=--
2026-06-29 22:57:26 | n4_b1p75 | samples= 21,921,024 | speed= 3,190 sps | loss=0.067869 | val=0.064311 | lr=7.58e-05 | D=-- | D'=--
2026-06-29 22:57:54 | n4_b1p75 | samples= 22,021,120 | speed= 3,551 sps | loss=0.067978 | val=0.064548 | lr=1.45e-04 | D=-- | D'=--
2026-06-29 22:58:26 | n4_b1p75 | samples= 22,121,216 | speed= 3,146 sps | loss=0.067898 | val=0.064238 | lr=1.01e-04 | D=-- | D'=--
2026-06-29 22:58:58 | n4_b1p75 | samples= 22,221,312 | speed= 3,150 sps | loss=0.067588 | val=0.064084 | lr=7.62e-05 | D=-- | D'=--
2026-06-29 22:59:30 | n4_b1p75 | samples= 22,321,408 | speed= 3,156 sps | loss=0.067598 | val=0.064041 | lr=7.84e-05 | D=-- | D'=--
2026-06-29 23:00:01 | n4_b1p75 | samples= 22,421,504 | speed= 3,161 sps | loss=0.067458 | val=0.063897 | lr=5.32e-05 | D=-- | D'=--
2026-06-29 23:00:33 | n4_b1p75 | samples= 22,521,600 | speed= 3,154 sps | loss=0.067473 | val=0.063824 | lr=5.72e-05 | D=-- | D'=--
2026-06-29 23:01:05 | n4_b1p75 | samples= 22,621,696 | speed= 3,162 sps | loss=0.067355 | val=0.063806 | lr=6.35e-05 | D=-- | D'=--
2026-06-29 23:01:42 | n4_b1p75 | samples= 22,721,792 | speed= 2,644 sps | loss=0.067332 | val=0.063680 | lr=4.28e-05 | D=-- | D'=--
2026-06-29 23:02:14 | n4_b1p75 | samples= 22,821,888 | speed= 3,179 sps | loss=0.067354 | val=0.063668 | lr=6.08e-05 | D=-- | D'=--
2026-06-29 23:02:46 | n4_b1p75 | samples= 22,921,984 | speed= 3,168 sps | loss=0.067228 | val=0.063580 | lr=3.55e-05 | D=-- | D'=--
2026-06-29 23:03:17 | n4_b1p75 | samples= 23,022,080 | speed= 3,175 sps | loss=0.067112 | val=0.063540 | lr=4.34e-05 | D=-- | D'=--
2026-06-29 23:03:49 | n4_b1p75 | samples= 23,122,176 | speed= 3,173 sps | loss=0.067109 | val=0.063490 | lr=3.62e-05 | D=-- | D'=--
2026-06-29 23:04:17 | n4_b1p75 | samples= 23,222,272 | speed= 3,566 sps | loss=0.067150 | val=0.063598 | lr=8.72e-05 | D=-- | D'=--
2026-06-29 23:04:45 | n4_b1p75 | samples= 23,322,368 | speed= 3,558 sps | loss=0.067044 | val=0.063552 | lr=8.52e-05 | D=-- | D'=--
2026-06-29 23:05:13 | n4_b1p75 | samples= 23,422,464 | speed= 3,553 sps | loss=0.067159 | val=0.063702 | lr=1.29e-04 | D=-- | D'=--
2026-06-29 23:05:45 | n4_b1p75 | samples= 23,522,560 | speed= 3,159 sps | loss=0.067144 | val=0.063451 | lr=8.26e-05 | D=-- | D'=--
2026-06-29 23:06:16 | n4_b1p75 | samples= 23,622,656 | speed= 3,162 sps | loss=0.066972 | val=0.063322 | lr=6.57e-05 | D=-- | D'=--
2026-06-29 23:06:48 | n4_b1p75 | samples= 23,722,752 | speed= 3,167 sps | loss=0.066946 | val=0.063306 | lr=9.97e-05 | D=-- | D'=--
2026-06-29 23:07:16 | n4_b1p75 | samples= 23,822,848 | speed= 3,566 sps | loss=0.067272 | val=0.063692 | lr=1.72e-04 | D=-- | D'=--
2026-06-29 23:07:48 | n4_b1p75 | samples= 23,922,944 | speed= 3,164 sps | loss=0.066963 | val=0.063206 | lr=8.85e-05 | D=-- | D'=--
2026-06-29 23:08:19 | n4_b1p75 | samples= 24,023,040 | speed= 3,173 sps | loss=0.066797 | val=0.062996 | lr=5.76e-05 | D=-- | D'=--
2026-06-29 23:08:47 | n4_b1p75 | samples= 24,123,136 | speed= 3,568 sps | loss=0.066731 | val=0.063341 | lr=1.59e-04 | D=-- | D'=--
2026-06-29 23:09:15 | n4_b1p75 | samples= 24,223,232 | speed= 3,556 sps | loss=0.066929 | val=0.063401 | lr=1.84e-04 | D=-- | D'=--
2026-06-29 23:09:44 | n4_b1p75 | samples= 24,323,328 | speed= 3,554 sps | loss=0.066907 | val=0.063235 | lr=1.61e-04 | D=-- | D'=--
2026-06-29 23:10:12 | n4_b1p75 | samples= 24,423,424 | speed= 3,548 sps | loss=0.068480 | val=0.064166 | lr=3.18e-04 | D=-- | D'=--
2026-06-29 23:10:43 | n4_b1p75 | samples= 24,523,520 | speed= 3,160 sps | loss=0.066684 | val=0.062672 | lr=6.24e-05 | D=-- | D'=--
2026-06-29 23:11:15 | n4_b1p75 | samples= 24,623,616 | speed= 3,163 sps | loss=0.066120 | val=0.062424 | lr=3.38e-05 | D=-- | D'=--
2026-06-29 23:11:47 | n4_b1p75 | samples= 24,723,712 | speed= 3,166 sps | loss=0.066030 | val=0.062402 | lr=4.54e-05 | D=-- | D'=--
2026-06-29 23:12:18 | n4_b1p75 | samples= 24,823,808 | speed= 3,220 sps | loss=0.065948 | val=0.062346 | lr=6.87e-05 | D=-- | D'=--
2026-06-29 23:12:49 | n4_b1p75 | samples= 24,923,904 | speed= 3,170 sps | loss=0.065912 | val=0.062258 | lr=5.39e-05 | D=-- | D'=--
2026-06-29 23:13:21 | n4_b1p75 | samples= 25,024,000 | speed= 3,187 sps | loss=0.065811 | val=0.062158 | lr=4.47e-05 | D=-- | D'=--
2026-06-29 23:13:52 | n4_b1p75 | samples= 25,124,096 | speed= 3,166 sps | loss=0.065816 | val=0.062115 | lr=3.92e-05 | D=-- | D'=--
2026-06-29 23:14:29 | n4_b1p75 | samples= 25,224,192 | speed= 2,712 sps | loss=0.065719 | val=0.062106 | lr=6.15e-05 | D=-- | D'=--
2026-06-29 23:15:01 | n4_b1p75 | samples= 25,324,288 | speed= 3,180 sps | loss=0.065747 | val=0.062060 | lr=5.32e-05 | D=-- | D'=--
2026-06-29 23:15:32 | n4_b1p75 | samples= 25,424,384 | speed= 3,174 sps | loss=0.065629 | val=0.061984 | lr=5.26e-05 | D=-- | D'=--
2026-06-29 23:16:00 | n4_b1p75 | samples= 25,524,480 | speed= 3,579 sps | loss=0.065665 | val=0.062100 | lr=9.00e-05 | D=-- | D'=--
2026-06-29 23:16:32 | n4_b1p75 | samples= 25,624,576 | speed= 3,172 sps | loss=0.065614 | val=0.061945 | lr=5.72e-05 | D=-- | D'=--
2026-06-29 23:17:03 | n4_b1p75 | samples= 25,724,672 | speed= 3,170 sps | loss=0.065506 | val=0.061880 | lr=5.48e-05 | D=-- | D'=--
2026-06-29 23:17:35 | n4_b1p75 | samples= 25,824,768 | speed= 3,176 sps | loss=0.065536 | val=0.061774 | lr=4.18e-05 | D=-- | D'=--
2026-06-29 23:18:03 | n4_b1p75 | samples= 25,924,864 | speed= 3,570 sps | loss=0.065585 | val=0.061920 | lr=8.43e-05 | D=-- | D'=--
2026-06-29 23:18:35 | n4_b1p75 | samples= 26,024,960 | speed= 3,171 sps | loss=0.065423 | val=0.061686 | lr=4.87e-05 | D=-- | D'=--
2026-06-29 23:19:06 | n4_b1p75 | samples= 26,125,056 | speed= 3,175 sps | loss=0.065425 | val=0.061663 | lr=5.04e-05 | D=-- | D'=--
2026-06-29 23:19:34 | n4_b1p75 | samples= 26,225,152 | speed= 3,570 sps | loss=0.065361 | val=0.061899 | lr=1.24e-04 | D=-- | D'=--
2026-06-29 23:20:02 | n4_b1p75 | samples= 26,325,248 | speed= 3,569 sps | loss=0.065497 | val=0.061722 | lr=8.71e-05 | D=-- | D'=--
2026-06-29 23:20:30 | n4_b1p75 | samples= 26,425,344 | speed= 3,560 sps | loss=0.065426 | val=0.061701 | lr=9.91e-05 | D=-- | D'=--
2026-06-29 23:21:02 | n4_b1p75 | samples= 26,525,440 | speed= 3,163 sps | loss=0.065321 | val=0.061560 | lr=8.75e-05 | D=-- | D'=--
2026-06-29 23:21:33 | n4_b1p75 | samples= 26,625,536 | speed= 3,170 sps | loss=0.065197 | val=0.061405 | lr=5.86e-05 | D=-- | D'=--
2026-06-29 23:22:05 | n4_b1p75 | samples= 26,725,632 | speed= 3,176 sps | loss=0.065077 | val=0.061300 | lr=5.61e-05 | D=-- | D'=--
2026-06-29 23:22:36 | n4_b1p75 | samples= 26,825,728 | speed= 3,202 sps | loss=0.064872 | val=0.061194 | lr=3.36e-05 | D=-- | D'=--
2026-06-29 23:23:08 | n4_b1p75 | samples= 26,925,824 | speed= 3,173 sps | loss=0.064931 | val=0.061169 | lr=3.09e-05 | D=-- | D'=--
2026-06-29 23:23:36 | n4_b1p75 | samples= 27,025,920 | speed= 3,573 sps | loss=0.064898 | val=0.061175 | lr=4.20e-05 | D=-- | D'=--
2026-06-29 23:24:07 | n4_b1p75 | samples= 27,126,016 | speed= 3,190 sps | loss=0.064831 | val=0.061129 | lr=5.30e-05 | D=-- | D'=--
2026-06-29 23:24:39 | n4_b1p75 | samples= 27,226,112 | speed= 3,168 sps | loss=0.064837 | val=0.061092 | lr=4.73e-05 | D=-- | D'=--
2026-06-29 23:25:15 | n4_b1p75 | samples= 27,326,208 | speed= 2,749 sps | loss=0.064770 | val=0.061055 | lr=4.17e-05 | D=-- | D'=--
2026-06-29 23:25:47 | n4_b1p75 | samples= 27,426,304 | speed= 3,194 sps | loss=0.064792 | val=0.061044 | lr=3.70e-05 | D=-- | D'=--
2026-06-29 23:26:18 | n4_b1p75 | samples= 27,526,400 | speed= 3,226 sps | loss=0.064662 | val=0.061007 | lr=3.97e-05 | D=-- | D'=--
2026-06-29 23:26:49 | n4_b1p75 | samples= 27,626,496 | speed= 3,226 sps | loss=0.064659 | val=0.060977 | lr=4.22e-05 | D=-- | D'=--
2026-06-29 23:27:20 | n4_b1p75 | samples= 27,726,592 | speed= 3,223 sps | loss=0.064740 | val=0.060952 | lr=3.40e-05 | D=-- | D'=--
2026-06-29 23:27:51 | n4_b1p75 | samples= 27,826,688 | speed= 3,184 sps | loss=0.064666 | val=0.060859 | lr=2.50e-05 | D=-- | D'=--
2026-06-29 23:28:22 | n4_b1p75 | samples= 27,926,784 | speed= 3,206 sps | loss=0.064654 | val=0.060841 | lr=2.92e-05 | D=-- | D'=--
2026-06-29 23:28:54 | n4_b1p75 | samples= 28,026,880 | speed= 3,202 sps | loss=0.064596 | val=0.060807 | lr=2.18e-05 | D=-- | D'=--
2026-06-29 23:29:22 | n4_b1p75 | samples= 28,126,976 | speed= 3,581 sps | loss=0.064593 | val=0.060835 | lr=2.87e-05 | D=-- | D'=--
2026-06-29 23:29:50 | n4_b1p75 | samples= 28,227,072 | speed= 3,572 sps | loss=0.064560 | val=0.060820 | lr=2.46e-05 | D=-- | D'=--
2026-06-29 23:30:18 | n4_b1p75 | samples= 28,327,168 | speed= 3,569 sps | loss=0.064538 | val=0.060841 | lr=4.27e-05 | D=-- | D'=--
2026-06-29 23:30:49 | n4_b1p75 | samples= 28,427,264 | speed= 3,157 sps | loss=0.064632 | val=0.060783 | lr=3.76e-05 | D=-- | D'=--
2026-06-29 23:31:21 | n4_b1p75 | samples= 28,527,360 | speed= 3,171 sps | loss=0.064559 | val=0.060750 | lr=4.21e-05 | D=-- | D'=--
2026-06-29 23:31:49 | n4_b1p75 | samples= 28,627,456 | speed= 3,572 sps | loss=0.064593 | val=0.061217 | lr=1.45e-04 | D=-- | D'=--
2026-06-29 23:32:17 | n4_b1p75 | samples= 28,727,552 | speed= 3,565 sps | loss=0.064825 | val=0.061099 | lr=1.49e-04 | D=-- | D'=--
2026-06-29 23:32:45 | n4_b1p75 | samples= 28,827,648 | speed= 3,560 sps | loss=0.064829 | val=0.061279 | lr=1.79e-04 | D=-- | D'=--
2026-06-29 23:33:13 | n4_b1p75 | samples= 28,927,744 | speed= 3,558 sps | loss=0.064749 | val=0.060921 | lr=1.13e-04 | D=-- | D'=--
2026-06-29 23:33:41 | n4_b1p75 | samples= 29,027,840 | speed= 3,551 sps | loss=0.064531 | val=0.060823 | lr=1.20e-04 | D=-- | D'=--
2026-06-29 23:34:10 | n4_b1p75 | samples= 29,127,936 | speed= 3,554 sps | loss=0.064601 | val=0.060770 | lr=1.43e-04 | D=-- | D'=--
2026-06-29 23:34:38 | n4_b1p75 | samples= 29,228,032 | speed= 3,550 sps | loss=0.064600 | val=0.060830 | lr=1.51e-04 | D=-- | D'=--
2026-06-29 23:35:06 | n4_b1p75 | samples= 29,328,128 | speed= 3,548 sps | loss=0.064512 | val=0.060921 | lr=2.01e-04 | D=-- | D'=--
2026-06-29 23:35:38 | n4_b1p75 | samples= 29,428,224 | speed= 3,160 sps | loss=0.064390 | val=0.060692 | lr=1.72e-04 | D=-- | D'=--
2026-06-29 23:36:06 | n4_b1p75 | samples= 29,528,320 | speed= 3,554 sps | loss=0.065129 | val=0.062060 | lr=3.67e-04 | D=-- | D'=--
2026-06-29 23:36:38 | n4_b1p75 | samples= 29,628,416 | speed= 3,158 sps | loss=0.064769 | val=0.060641 | lr=1.66e-04 | D=-- | D'=--
2026-06-29 23:37:09 | n4_b1p75 | samples= 29,728,512 | speed= 3,162 sps | loss=0.064003 | val=0.059970 | lr=7.39e-05 | D=-- | D'=--
2026-06-29 23:37:41 | n4_b1p75 | samples= 29,828,608 | speed= 3,171 sps | loss=0.063656 | val=0.059821 | lr=7.47e-05 | D=-- | D'=--
2026-06-29 23:38:12 | n4_b1p75 | samples= 29,928,704 | speed= 3,205 sps | loss=0.063562 | val=0.059721 | lr=5.75e-05 | D=-- | D'=--
2026-06-29 23:38:43 | n4_b1p75 | samples= 30,028,800 | speed= 3,220 sps | loss=0.063486 | val=0.059629 | lr=6.12e-05 | D=-- | D'=--
2026-06-29 23:39:14 | n4_b1p75 | samples= 30,128,896 | speed= 3,221 sps | loss=0.063438 | val=0.059592 | lr=4.36e-05 | D=-- | D'=--
2026-06-29 23:39:46 | n4_b1p75 | samples= 30,228,992 | speed= 3,180 sps | loss=0.063280 | val=0.059497 | lr=3.19e-05 | D=-- | D'=--
2026-06-29 23:40:17 | n4_b1p75 | samples= 30,329,088 | speed= 3,204 sps | loss=0.063383 | val=0.059453 | lr=2.83e-05 | D=-- | D'=--
2026-06-29 23:40:56 | n4_b1p75 | samples= 30,429,184 | speed= 2,531 sps | loss=0.063221 | val=0.059430 | lr=4.07e-05 | D=-- | D'=--
2026-06-29 23:41:28 | n4_b1p75 | samples= 30,529,280 | speed= 3,187 sps | loss=0.063175 | val=0.059415 | lr=4.26e-05 | D=-- | D'=--
2026-06-29 23:41:59 | n4_b1p75 | samples= 30,629,376 | speed= 3,192 sps | loss=0.063189 | val=0.059373 | lr=3.46e-05 | D=-- | D'=--
2026-06-29 23:42:31 | n4_b1p75 | samples= 30,729,472 | speed= 3,184 sps | loss=0.063166 | val=0.059347 | lr=3.01e-05 | D=-- | D'=--
2026-06-29 23:42:59 | n4_b1p75 | samples= 30,829,568 | speed= 3,586 sps | loss=0.063169 | val=0.059355 | lr=5.28e-05 | D=-- | D'=--
2026-06-29 23:43:30 | n4_b1p75 | samples= 30,929,664 | speed= 3,180 sps | loss=0.063142 | val=0.059305 | lr=2.82e-05 | D=-- | D'=--
2026-06-29 23:44:02 | n4_b1p75 | samples= 31,029,760 | speed= 3,174 sps | loss=0.063048 | val=0.059239 | lr=1.79e-05 | D=-- | D'=--
2026-06-29 23:44:29 | n4_b1p75 | samples= 31,129,856 | speed= 3,580 sps | loss=0.063094 | val=0.059308 | lr=5.31e-05 | D=-- | D'=--
2026-06-29 23:44:58 | n4_b1p75 | samples= 31,229,952 | speed= 3,574 sps | loss=0.063104 | val=0.059324 | lr=6.46e-05 | D=-- | D'=--
2026-06-29 23:45:26 | n4_b1p75 | samples= 31,330,048 | speed= 3,569 sps | loss=0.063134 | val=0.059281 | lr=6.57e-05 | D=-- | D'=--
2026-06-29 23:45:54 | n4_b1p75 | samples= 31,430,144 | speed= 3,562 sps | loss=0.063612 | val=0.061254 | lr=3.47e-04 | D=-- | D'=--
2026-06-29 23:46:22 | n4_b1p75 | samples= 31,530,240 | speed= 3,557 sps | loss=0.064400 | val=0.061012 | lr=3.64e-04 | D=-- | D'=--
2026-06-29 23:46:50 | n4_b1p75 | samples= 31,630,336 | speed= 3,556 sps | loss=0.063977 | val=0.059521 | lr=1.25e-04 | D=-- | D'=--
2026-06-29 23:47:22 | n4_b1p75 | samples= 31,730,432 | speed= 3,162 sps | loss=0.063020 | val=0.059022 | lr=4.27e-05 | D=-- | D'=--
2026-06-29 23:47:53 | n4_b1p75 | samples= 31,830,528 | speed= 3,175 sps | loss=0.062844 | val=0.058860 | lr=2.50e-05 | D=-- | D'=--
2026-06-29 23:48:21 | n4_b1p75 | samples= 31,930,624 | speed= 3,567 sps | loss=0.062953 | val=0.059027 | lr=8.20e-05 | D=-- | D'=--
2026-06-29 23:48:49 | n4_b1p75 | samples= 32,030,720 | speed= 3,563 sps | loss=0.062794 | val=0.058944 | lr=9.21e-05 | D=-- | D'=--
2026-06-29 23:49:21 | n4_b1p75 | samples= 32,130,816 | speed= 3,166 sps | loss=0.062748 | val=0.058785 | lr=5.94e-05 | D=-- | D'=--
2026-06-29 23:49:49 | n4_b1p75 | samples= 32,230,912 | speed= 3,567 sps | loss=0.064798 | val=0.061697 | lr=4.53e-04 | D=-- | D'=--
2026-06-29 23:50:17 | n4_b1p75 | samples= 32,331,008 | speed= 3,562 sps | loss=0.063658 | val=0.059106 | lr=1.17e-04 | D=-- | D'=--
2026-06-29 23:50:49 | n4_b1p75 | samples= 32,431,104 | speed= 3,165 sps | loss=0.062534 | val=0.058627 | lr=4.50e-05 | D=-- | D'=--
2026-06-29 23:51:20 | n4_b1p75 | samples= 32,531,200 | speed= 3,168 sps | loss=0.062363 | val=0.058540 | lr=4.70e-05 | D=-- | D'=--
2026-06-29 23:51:48 | n4_b1p75 | samples= 32,631,296 | speed= 3,572 sps | loss=0.063638 | val=0.066875 | lr=9.24e-04 | D=-- | D'=--
2026-06-29 23:52:16 | n4_b1p75 | samples= 32,731,392 | speed= 3,563 sps | loss=0.065555 | val=0.059994 | lr=2.63e-04 | D=-- | D'=--
2026-06-29 23:52:45 | n4_b1p75 | samples= 32,831,488 | speed= 3,557 sps | loss=0.062677 | val=0.058590 | lr=4.50e-05 | D=-- | D'=--
2026-06-29 23:53:16 | n4_b1p75 | samples= 32,931,584 | speed= 3,159 sps | loss=0.062208 | val=0.058460 | lr=2.86e-05 | D=-- | D'=--
2026-06-29 23:53:48 | n4_b1p75 | samples= 33,031,680 | speed= 3,172 sps | loss=0.062097 | val=0.058421 | lr=4.18e-05 | D=-- | D'=--
2026-06-29 23:54:19 | n4_b1p75 | samples= 33,131,776 | speed= 3,162 sps | loss=0.062037 | val=0.058296 | lr=5.03e-05 | D=-- | D'=--
2026-06-29 23:54:51 | n4_b1p75 | samples= 33,231,872 | speed= 3,185 sps | loss=0.061987 | val=0.058282 | lr=5.73e-05 | D=-- | D'=--
2026-06-29 23:55:27 | n4_b1p75 | samples= 33,331,968 | speed= 2,754 sps | loss=0.061936 | val=0.058120 | lr=3.54e-05 | D=-- | D'=--
2026-06-29 23:55:59 | n4_b1p75 | samples= 33,432,064 | speed= 3,194 sps | loss=0.061731 | val=0.058053 | lr=3.59e-05 | D=-- | D'=--
2026-06-29 23:56:30 | n4_b1p75 | samples= 33,532,160 | speed= 3,208 sps | loss=0.061834 | val=0.058053 | lr=4.54e-05 | D=-- | D'=--
2026-06-29 23:57:01 | n4_b1p75 | samples= 33,632,256 | speed= 3,185 sps | loss=0.061724 | val=0.057955 | lr=4.01e-05 | D=-- | D'=--
2026-06-29 23:57:32 | n4_b1p75 | samples= 33,732,352 | speed= 3,197 sps | loss=0.061752 | val=0.057940 | lr=5.19e-05 | D=-- | D'=--
2026-06-29 23:58:04 | n4_b1p75 | samples= 33,832,448 | speed= 3,188 sps | loss=0.061731 | val=0.057930 | lr=6.04e-05 | D=-- | D'=--
2026-06-29 23:58:35 | n4_b1p75 | samples= 33,932,544 | speed= 3,179 sps | loss=0.061704 | val=0.057870 | lr=4.82e-05 | D=-- | D'=--
2026-06-29 23:59:07 | n4_b1p75 | samples= 34,032,640 | speed= 3,183 sps | loss=0.061544 | val=0.057803 | lr=4.74e-05 | D=-- | D'=--
2026-06-29 23:59:38 | n4_b1p75 | samples= 34,132,736 | speed= 3,186 sps | loss=0.061570 | val=0.057735 | lr=4.92e-05 | D=-- | D'=--
2026-06-30 00:00:06 | n4_b1p75 | samples= 34,232,832 | speed= 3,579 sps | loss=0.061585 | val=0.057863 | lr=8.63e-05 | D=-- | D'=--
2026-06-30 00:00:38 | n4_b1p75 | samples= 34,332,928 | speed= 3,182 sps | loss=0.061548 | val=0.057706 | lr=6.44e-05 | D=-- | D'=--
2026-06-30 00:01:09 | n4_b1p75 | samples= 34,433,024 | speed= 3,167 sps | loss=0.061459 | val=0.057683 | lr=6.83e-05 | D=-- | D'=--
2026-06-30 00:01:41 | n4_b1p75 | samples= 34,533,120 | speed= 3,181 sps | loss=0.061429 | val=0.057583 | lr=5.95e-05 | D=-- | D'=--
2026-06-30 00:02:12 | n4_b1p75 | samples= 34,633,216 | speed= 3,208 sps | loss=0.061433 | val=0.057570 | lr=6.43e-05 | D=-- | D'=--
2026-06-30 00:02:43 | n4_b1p75 | samples= 34,733,312 | speed= 3,181 sps | loss=0.061320 | val=0.057543 | lr=5.50e-05 | D=-- | D'=--
2026-06-30 00:03:15 | n4_b1p75 | samples= 34,833,408 | speed= 3,198 sps | loss=0.061275 | val=0.057421 | lr=4.22e-05 | D=-- | D'=--
2026-06-30 00:03:46 | n4_b1p75 | samples= 34,933,504 | speed= 3,201 sps | loss=0.061292 | val=0.057414 | lr=9.35e-05 | D=-- | D'=--
2026-06-30 00:04:14 | n4_b1p75 | samples= 35,033,600 | speed= 3,580 sps | loss=0.061318 | val=0.057499 | lr=6.85e-05 | D=-- | D'=--
2026-06-30 00:04:42 | n4_b1p75 | samples= 35,133,696 | speed= 3,574 sps | loss=0.061233 | val=0.057421 | lr=7.73e-05 | D=-- | D'=--
2026-06-30 00:05:13 | n4_b1p75 | samples= 35,233,792 | speed= 3,178 sps | loss=0.061222 | val=0.057303 | lr=5.04e-05 | D=-- | D'=--
2026-06-30 00:05:51 | n4_b1p75 | samples= 35,333,888 | speed= 2,688 sps | loss=0.061097 | val=0.057288 | lr=5.46e-05 | D=-- | D'=--
2026-06-30 00:06:19 | n4_b1p75 | samples= 35,433,984 | speed= 3,595 sps | loss=0.061064 | val=0.057304 | lr=7.93e-05 | D=-- | D'=--
2026-06-30 00:06:46 | n4_b1p75 | samples= 35,534,080 | speed= 3,579 sps | loss=0.061220 | val=0.057397 | lr=9.67e-05 | D=-- | D'=--
2026-06-30 00:07:14 | n4_b1p75 | samples= 35,634,176 | speed= 3,573 sps | loss=0.061200 | val=0.057312 | lr=9.74e-05 | D=-- | D'=--
2026-06-30 00:07:46 | n4_b1p75 | samples= 35,734,272 | speed= 3,167 sps | loss=0.061159 | val=0.057258 | lr=9.94e-05 | D=-- | D'=--
2026-06-30 00:08:14 | n4_b1p75 | samples= 35,834,368 | speed= 3,574 sps | loss=0.061161 | val=0.058357 | lr=2.92e-04 | D=-- | D'=--
2026-06-30 00:08:42 | n4_b1p75 | samples= 35,934,464 | speed= 3,567 sps | loss=0.061804 | val=0.058163 | lr=2.43e-04 | D=-- | D'=--
2026-06-30 00:09:10 | n4_b1p75 | samples= 36,034,560 | speed= 3,562 sps | loss=0.061384 | val=0.057296 | lr=1.28e-04 | D=-- | D'=--
2026-06-30 00:09:42 | n4_b1p75 | samples= 36,134,656 | speed= 3,168 sps | loss=0.060937 | val=0.057129 | lr=1.25e-04 | D=-- | D'=--
2026-06-30 00:10:10 | n4_b1p75 | samples= 36,234,752 | speed= 3,567 sps | loss=0.061356 | val=0.059465 | lr=4.29e-04 | D=-- | D'=--
2026-06-30 00:10:38 | n4_b1p75 | samples= 36,334,848 | speed= 3,568 sps | loss=0.062115 | val=0.057840 | lr=2.23e-04 | D=-- | D'=--
2026-06-30 00:11:10 | n4_b1p75 | samples= 36,434,944 | speed= 3,169 sps | loss=0.060923 | val=0.056712 | lr=5.54e-05 | D=-- | D'=--
2026-06-30 00:11:41 | n4_b1p75 | samples= 36,535,040 | speed= 3,169 sps | loss=0.060467 | val=0.056560 | lr=2.41e-05 | D=-- | D'=--
2026-06-30 00:12:13 | n4_b1p75 | samples= 36,635,136 | speed= 3,175 sps | loss=0.060430 | val=0.056475 | lr=1.61e-05 | D=-- | D'=--
2026-06-30 00:12:44 | n4_b1p75 | samples= 36,735,232 | speed= 3,197 sps | loss=0.060243 | val=0.056433 | lr=1.08e-05 | D=-- | D'=--
2026-06-30 00:13:15 | n4_b1p75 | samples= 36,835,328 | speed= 3,182 sps | loss=0.060258 | val=0.056399 | lr=1.87e-05 | D=-- | D'=--
2026-06-30 00:13:47 | n4_b1p75 | samples= 36,935,424 | speed= 3,203 sps | loss=0.060330 | val=0.056398 | lr=2.13e-05 | D=-- | D'=--
2026-06-30 00:14:18 | n4_b1p75 | samples= 37,035,520 | speed= 3,191 sps | loss=0.060268 | val=0.056368 | lr=3.09e-05 | D=-- | D'=--
2026-06-30 00:14:49 | n4_b1p75 | samples= 37,135,616 | speed= 3,187 sps | loss=0.060262 | val=0.056313 | lr=2.09e-05 | D=-- | D'=--
2026-06-30 00:15:17 | n4_b1p75 | samples= 37,235,712 | speed= 3,587 sps | loss=0.060209 | val=0.056332 | lr=4.69e-05 | D=-- | D'=--
2026-06-30 00:15:49 | n4_b1p75 | samples= 37,335,808 | speed= 3,195 sps | loss=0.060253 | val=0.056306 | lr=3.18e-05 | D=-- | D'=--
2026-06-30 00:16:20 | n4_b1p75 | samples= 37,435,904 | speed= 3,179 sps | loss=0.060193 | val=0.056239 | lr=2.78e-05 | D=-- | D'=--
2026-06-30 00:16:48 | n4_b1p75 | samples= 37,536,000 | speed= 3,578 sps | loss=0.060306 | val=0.056385 | lr=7.42e-05 | D=-- | D'=--
2026-06-30 00:17:16 | n4_b1p75 | samples= 37,636,096 | speed= 3,570 sps | loss=0.060229 | val=0.056320 | lr=5.60e-05 | D=-- | D'=--
2026-06-30 00:17:44 | n4_b1p75 | samples= 37,736,192 | speed= 3,562 sps | loss=0.060159 | val=0.056240 | lr=5.67e-05 | D=-- | D'=--
2026-06-30 00:18:16 | n4_b1p75 | samples= 37,836,288 | speed= 3,176 sps | loss=0.060044 | val=0.056154 | lr=4.15e-05 | D=-- | D'=--
2026-06-30 00:18:44 | n4_b1p75 | samples= 37,936,384 | speed= 3,568 sps | loss=0.060485 | val=0.056836 | lr=1.66e-04 | D=-- | D'=--
2026-06-30 00:19:12 | n4_b1p75 | samples= 38,036,480 | speed= 3,556 sps | loss=0.060391 | val=0.056386 | lr=9.55e-05 | D=-- | D'=--
2026-06-30 00:19:40 | n4_b1p75 | samples= 38,136,576 | speed= 3,554 sps | loss=0.060170 | val=0.056245 | lr=8.92e-05 | D=-- | D'=--
2026-06-30 00:20:12 | n4_b1p75 | samples= 38,236,672 | speed= 3,159 sps | loss=0.060027 | val=0.055993 | lr=4.84e-05 | D=-- | D'=--
2026-06-30 00:20:40 | n4_b1p75 | samples= 38,336,768 | speed= 3,557 sps | loss=0.060037 | val=0.057739 | lr=3.13e-04 | D=-- | D'=--
2026-06-30 00:21:08 | n4_b1p75 | samples= 38,436,864 | speed= 3,554 sps | loss=0.060872 | val=0.056784 | lr=1.98e-04 | D=-- | D'=--
2026-06-30 00:21:36 | n4_b1p75 | samples= 38,536,960 | speed= 3,552 sps | loss=0.060427 | val=0.056597 | lr=1.86e-04 | D=-- | D'=--
2026-06-30 00:22:05 | n4_b1p75 | samples= 38,637,056 | speed= 3,545 sps | loss=0.060200 | val=0.056209 | lr=1.34e-04 | D=-- | D'=--
2026-06-30 00:22:33 | n4_b1p75 | samples= 38,737,152 | speed= 3,547 sps | loss=0.061385 | val=0.122242 | lr=1.97e-03 | D=-- | D'=--
2026-06-30 00:23:01 | n4_b1p75 | samples= 38,837,248 | speed= 3,546 sps | loss=0.071397 | val=0.059479 | lr=3.90e-04 | D=-- | D'=--
2026-06-30 00:23:29 | n4_b1p75 | samples= 38,937,344 | speed= 3,543 sps | loss=0.061794 | val=0.057909 | lr=4.77e-05 | D=-- | D'=--
2026-06-30 00:23:58 | n4_b1p75 | samples= 39,037,440 | speed= 3,543 sps | loss=0.061159 | val=0.057662 | lr=3.45e-05 | D=-- | D'=--
2026-06-30 00:24:26 | n4_b1p75 | samples= 39,137,536 | speed= 3,542 sps | loss=0.060947 | val=0.057537 | lr=2.19e-05 | D=-- | D'=--
2026-06-30 00:24:54 | n4_b1p75 | samples= 39,237,632 | speed= 3,544 sps | loss=0.061016 | val=0.058118 | lr=2.47e-04 | D=-- | D'=--
2026-06-30 00:25:22 | n4_b1p75 | samples= 39,337,728 | speed= 3,545 sps | loss=0.061117 | val=0.057596 | lr=2.37e-04 | D=-- | D'=--
2026-06-30 00:25:51 | n4_b1p75 | samples= 39,437,824 | speed= 3,542 sps | loss=0.060814 | val=0.057033 | lr=1.61e-04 | D=-- | D'=--
2026-06-30 00:26:19 | n4_b1p75 | samples= 39,537,920 | speed= 3,540 sps | loss=0.060495 | val=0.057009 | lr=2.03e-04 | D=-- | D'=--
2026-06-30 00:26:47 | n4_b1p75 | samples= 39,638,016 | speed= 3,543 sps | loss=0.060143 | val=0.056410 | lr=1.13e-04 | D=-- | D'=--
2026-06-30 00:27:15 | n4_b1p75 | samples= 39,738,112 | speed= 3,546 sps | loss=0.059778 | val=0.056107 | lr=8.53e-05 | D=-- | D'=--
2026-06-30 00:27:44 | n4_b1p75 | samples= 39,838,208 | speed= 3,543 sps | loss=0.059688 | val=0.056047 | lr=9.45e-05 | D=-- | D'=--
2026-06-30 00:28:15 | n4_b1p75 | samples= 39,938,304 | speed= 3,150 sps | loss=0.059616 | val=0.055949 | lr=9.42e-05 | D=-- | D'=--
2026-06-30 00:28:47 | n4_b1p75 | samples= 40,038,400 | speed= 3,206 sps | loss=0.059496 | val=0.055842 | lr=1.11e-04 | D=-- | D'=--
2026-06-30 00:29:24 | n4_b1p75 | samples= 40,138,496 | speed= 2,694 sps | loss=0.059513 | val=0.055769 | lr=1.03e-04 | D=-- | D'=--
2026-06-30 00:29:52 | n4_b1p75 | samples= 40,238,592 | speed= 3,585 sps | loss=0.059368 | val=0.055922 | lr=1.58e-04 | D=-- | D'=--
2026-06-30 00:30:20 | n4_b1p75 | samples= 40,338,688 | speed= 3,572 sps | loss=0.059523 | val=0.055889 | lr=1.56e-04 | D=-- | D'=--
2026-06-30 00:30:51 | n4_b1p75 | samples= 40,438,784 | speed= 3,160 sps | loss=0.059282 | val=0.055468 | lr=1.02e-04 | D=-- | D'=--
2026-06-30 00:31:23 | n4_b1p75 | samples= 40,538,880 | speed= 3,184 sps | loss=0.059091 | val=0.055272 | lr=6.56e-05 | D=-- | D'=--
2026-06-30 00:31:54 | n4_b1p75 | samples= 40,638,976 | speed= 3,171 sps | loss=0.058934 | val=0.055165 | lr=7.34e-05 | D=-- | D'=--
2026-06-30 00:32:22 | n4_b1p75 | samples= 40,739,072 | speed= 3,577 sps | loss=0.058964 | val=0.055556 | lr=1.75e-04 | D=-- | D'=--
2026-06-30 00:32:50 | n4_b1p75 | samples= 40,839,168 | speed= 3,572 sps | loss=0.059191 | val=0.055499 | lr=1.74e-04 | D=-- | D'=--
2026-06-30 00:33:18 | n4_b1p75 | samples= 40,939,264 | speed= 3,562 sps | loss=0.059264 | val=0.055565 | lr=1.84e-04 | D=-- | D'=--
2026-06-30 00:33:50 | n4_b1p75 | samples= 41,039,360 | speed= 3,164 sps | loss=0.059054 | val=0.055080 | lr=1.14e-04 | D=-- | D'=--
2026-06-30 00:34:22 | n4_b1p75 | samples= 41,139,456 | speed= 3,177 sps | loss=0.058699 | val=0.054789 | lr=7.69e-05 | D=-- | D'=--
2026-06-30 00:34:50 | n4_b1p75 | samples= 41,239,552 | speed= 3,574 sps | loss=0.058563 | val=0.054885 | lr=1.20e-04 | D=-- | D'=--
2026-06-30 00:35:18 | n4_b1p75 | samples= 41,339,648 | speed= 3,567 sps | loss=0.058571 | val=0.054864 | lr=1.11e-04 | D=-- | D'=--
2026-06-30 00:35:46 | n4_b1p75 | samples= 41,439,744 | speed= 3,564 sps | loss=0.058707 | val=0.054996 | lr=1.70e-04 | D=-- | D'=--
2026-06-30 00:36:14 | n4_b1p75 | samples= 41,539,840 | speed= 3,563 sps | loss=0.058672 | val=0.055056 | lr=1.72e-04 | D=-- | D'=--
2026-06-30 00:36:42 | n4_b1p75 | samples= 41,639,936 | speed= 3,560 sps | loss=0.058752 | val=0.055082 | lr=1.91e-04 | D=-- | D'=--
2026-06-30 00:37:10 | n4_b1p75 | samples= 41,740,032 | speed= 3,556 sps | loss=0.058824 | val=0.055505 | lr=2.40e-04 | D=-- | D'=--
2026-06-30 00:37:38 | n4_b1p75 | samples= 41,840,128 | speed= 3,553 sps | loss=0.059031 | val=0.055501 | lr=2.63e-04 | D=-- | D'=--
2026-06-30 00:38:06 | n4_b1p75 | samples= 41,940,224 | speed= 3,550 sps | loss=0.059109 | val=0.058449 | lr=5.37e-04 | D=-- | D'=--
2026-06-30 00:38:35 | n4_b1p75 | samples= 42,040,320 | speed= 3,552 sps | loss=0.059894 | val=0.055421 | lr=2.57e-04 | D=-- | D'=--
2026-06-30 00:39:06 | n4_b1p75 | samples= 42,140,416 | speed= 3,162 sps | loss=0.058365 | val=0.054258 | lr=8.91e-05 | D=-- | D'=--
2026-06-30 00:39:38 | n4_b1p75 | samples= 42,240,512 | speed= 3,170 sps | loss=0.057814 | val=0.053898 | lr=4.24e-05 | D=-- | D'=--
2026-06-30 00:40:06 | n4_b1p75 | samples= 42,340,608 | speed= 3,564 sps | loss=0.057980 | val=0.054541 | lr=1.94e-04 | D=-- | D'=--
2026-06-30 00:40:34 | n4_b1p75 | samples= 42,440,704 | speed= 3,560 sps | loss=0.058193 | val=0.054244 | lr=1.44e-04 | D=-- | D'=--
2026-06-30 00:41:06 | n4_b1p75 | samples= 42,540,800 | speed= 3,167 sps | loss=0.057794 | val=0.053827 | lr=7.81e-05 | D=-- | D'=--
2026-06-30 00:41:37 | n4_b1p75 | samples= 42,640,896 | speed= 3,174 sps | loss=0.057632 | val=0.053818 | lr=1.11e-04 | D=-- | D'=--
2026-06-30 00:42:05 | n4_b1p75 | samples= 42,740,992 | speed= 3,575 sps | loss=0.057750 | val=0.053891 | lr=1.24e-04 | D=-- | D'=--
2026-06-30 00:42:37 | n4_b1p75 | samples= 42,841,088 | speed= 3,176 sps | loss=0.057623 | val=0.053763 | lr=1.47e-04 | D=-- | D'=--
2026-06-30 00:43:08 | n4_b1p75 | samples= 42,941,184 | speed= 3,177 sps | loss=0.057509 | val=0.053502 | lr=6.25e-05 | D=-- | D'=--
2026-06-30 00:43:40 | n4_b1p75 | samples= 43,041,280 | speed= 3,181 sps | loss=0.057363 | val=0.053426 | lr=6.65e-05 | D=-- | D'=--
2026-06-30 00:44:11 | n4_b1p75 | samples= 43,141,376 | speed= 3,177 sps | loss=0.057307 | val=0.053334 | lr=4.55e-05 | D=-- | D'=--
2026-06-30 00:44:43 | n4_b1p75 | samples= 43,241,472 | speed= 3,184 sps | loss=0.057142 | val=0.053233 | lr=3.38e-05 | D=-- | D'=--
2026-06-30 00:45:14 | n4_b1p75 | samples= 43,341,568 | speed= 3,212 sps | loss=0.057088 | val=0.053160 | lr=2.53e-05 | D=-- | D'=--
2026-06-30 00:45:42 | n4_b1p75 | samples= 43,441,664 | speed= 3,583 sps | loss=0.057035 | val=0.053167 | lr=2.59e-05 | D=-- | D'=--
2026-06-30 00:46:13 | n4_b1p75 | samples= 43,541,760 | speed= 3,181 sps | loss=0.057101 | val=0.053154 | lr=2.98e-05 | D=-- | D'=--
2026-06-30 00:46:41 | n4_b1p75 | samples= 43,641,856 | speed= 3,578 sps | loss=0.056972 | val=0.053218 | lr=7.06e-05 | D=-- | D'=--
2026-06-30 00:47:09 | n4_b1p75 | samples= 43,741,952 | speed= 3,576 sps | loss=0.057098 | val=0.053281 | lr=6.69e-05 | D=-- | D'=--
2026-06-30 00:47:37 | n4_b1p75 | samples= 43,842,048 | speed= 3,569 sps | loss=0.057187 | val=0.053398 | lr=9.82e-05 | D=-- | D'=--
2026-06-30 00:48:05 | n4_b1p75 | samples= 43,942,144 | speed= 3,568 sps | loss=0.057280 | val=0.053439 | lr=1.04e-04 | D=-- | D'=--
2026-06-30 00:48:33 | n4_b1p75 | samples= 44,042,240 | speed= 3,567 sps | loss=0.058108 | val=0.055042 | lr=3.12e-04 | D=-- | D'=--
2026-06-30 00:49:01 | n4_b1p75 | samples= 44,142,336 | speed= 3,563 sps | loss=0.058563 | val=0.054871 | lr=3.10e-04 | D=-- | D'=--
2026-06-30 00:49:30 | n4_b1p75 | samples= 44,242,432 | speed= 3,561 sps | loss=0.057718 | val=0.053692 | lr=1.73e-04 | D=-- | D'=--
2026-06-30 00:49:58 | n4_b1p75 | samples= 44,342,528 | speed= 3,561 sps | loss=0.057535 | val=0.053897 | lr=2.00e-04 | D=-- | D'=--
2026-06-30 00:50:26 | n4_b1p75 | samples= 44,442,624 | speed= 3,559 sps | loss=0.058649 | val=0.056279 | lr=4.39e-04 | D=-- | D'=--
2026-06-30 00:51:03 | n4_b1p75 | samples= 44,542,720 | speed= 2,685 sps | loss=0.057677 | val=0.053140 | lr=6.12e-05 | D=-- | D'=--
2026-06-30 00:51:35 | n4_b1p75 | samples= 44,642,816 | speed= 3,185 sps | loss=0.056773 | val=0.052867 | lr=2.47e-05 | D=-- | D'=--
2026-06-30 00:52:06 | n4_b1p75 | samples= 44,742,912 | speed= 3,182 sps | loss=0.056662 | val=0.052779 | lr=3.06e-05 | D=-- | D'=--
2026-06-30 00:52:34 | n4_b1p75 | samples= 44,843,008 | speed= 3,590 sps | loss=0.056614 | val=0.052891 | lr=8.08e-05 | D=-- | D'=--
2026-06-30 00:53:05 | n4_b1p75 | samples= 44,943,104 | speed= 3,180 sps | loss=0.056595 | val=0.052708 | lr=5.31e-05 | D=-- | D'=--
2026-06-30 00:53:33 | n4_b1p75 | samples= 45,043,200 | speed= 3,585 sps | loss=0.056578 | val=0.052709 | lr=6.63e-05 | D=-- | D'=--
2026-06-30 00:54:01 | n4_b1p75 | samples= 45,143,296 | speed= 3,579 sps | loss=0.056709 | val=0.052974 | lr=1.38e-04 | D=-- | D'=--
2026-06-30 00:54:29 | n4_b1p75 | samples= 45,243,392 | speed= 3,572 sps | loss=0.056867 | val=0.053248 | lr=1.84e-04 | D=-- | D'=--
2026-06-30 00:54:57 | n4_b1p75 | samples= 45,343,488 | speed= 3,568 sps | loss=0.056907 | val=0.053217 | lr=1.94e-04 | D=-- | D'=--
2026-06-30 00:55:25 | n4_b1p75 | samples= 45,443,584 | speed= 3,566 sps | loss=0.058385 | val=0.059031 | lr=6.91e-04 | D=-- | D'=--
2026-06-30 00:55:53 | n4_b1p75 | samples= 45,543,680 | speed= 3,562 sps | loss=0.059066 | val=0.054535 | lr=3.03e-04 | D=-- | D'=--
2026-06-30 00:56:25 | n4_b1p75 | samples= 45,643,776 | speed= 3,167 sps | loss=0.056878 | val=0.052649 | lr=6.45e-05 | D=-- | D'=--
2026-06-30 00:56:57 | n4_b1p75 | samples= 45,743,872 | speed= 3,175 sps | loss=0.056295 | val=0.052418 | lr=3.64e-05 | D=-- | D'=--
2026-06-30 00:57:28 | n4_b1p75 | samples= 45,843,968 | speed= 3,174 sps | loss=0.056131 | val=0.052310 | lr=4.76e-05 | D=-- | D'=--
2026-06-30 00:57:59 | n4_b1p75 | samples= 45,944,064 | speed= 3,200 sps | loss=0.056061 | val=0.052260 | lr=4.30e-05 | D=-- | D'=--
2026-06-30 00:58:27 | n4_b1p75 | samples= 46,044,160 | speed= 3,582 sps | loss=0.055988 | val=0.052319 | lr=6.62e-05 | D=-- | D'=--
2026-06-30 00:58:59 | n4_b1p75 | samples= 46,144,256 | speed= 3,174 sps | loss=0.056064 | val=0.052164 | lr=5.56e-05 | D=-- | D'=--
2026-06-30 00:59:30 | n4_b1p75 | samples= 46,244,352 | speed= 3,178 sps | loss=0.055969 | val=0.052119 | lr=5.17e-05 | D=-- | D'=--
2026-06-30 00:59:58 | n4_b1p75 | samples= 46,344,448 | speed= 3,582 sps | loss=0.055907 | val=0.052137 | lr=7.60e-05 | D=-- | D'=--
2026-06-30 01:00:30 | n4_b1p75 | samples= 46,444,544 | speed= 3,176 sps | loss=0.055955 | val=0.052009 | lr=5.35e-05 | D=-- | D'=--
2026-06-30 01:00:58 | n4_b1p75 | samples= 46,544,640 | speed= 3,580 sps | loss=0.055907 | val=0.052043 | lr=5.91e-05 | D=-- | D'=--
2026-06-30 01:01:26 | n4_b1p75 | samples= 46,644,736 | speed= 3,572 sps | loss=0.055927 | val=0.052222 | lr=9.68e-05 | D=-- | D'=--
2026-06-30 01:01:54 | n4_b1p75 | samples= 46,744,832 | speed= 3,566 sps | loss=0.056049 | val=0.052418 | lr=1.55e-04 | D=-- | D'=--
2026-06-30 01:02:22 | n4_b1p75 | samples= 46,844,928 | speed= 3,564 sps | loss=0.056108 | val=0.052153 | lr=1.10e-04 | D=-- | D'=--
2026-06-30 01:02:50 | n4_b1p75 | samples= 46,945,024 | speed= 3,563 sps | loss=0.055860 | val=0.052111 | lr=1.20e-04 | D=-- | D'=--
2026-06-30 01:03:18 | n4_b1p75 | samples= 47,045,120 | speed= 3,557 sps | loss=0.055945 | val=0.052069 | lr=1.08e-04 | D=-- | D'=--
2026-06-30 01:03:50 | n4_b1p75 | samples= 47,145,216 | speed= 3,167 sps | loss=0.055865 | val=0.051958 | lr=1.09e-04 | D=-- | D'=--
2026-06-30 01:04:21 | n4_b1p75 | samples= 47,245,312 | speed= 3,215 sps | loss=0.055731 | val=0.051910 | lr=1.07e-04 | D=-- | D'=--
2026-06-30 01:04:52 | n4_b1p75 | samples= 47,345,408 | speed= 3,224 sps | loss=0.055599 | val=0.051752 | lr=8.58e-05 | D=-- | D'=--
2026-06-30 01:05:20 | n4_b1p75 | samples= 47,445,504 | speed= 3,577 sps | loss=0.055719 | val=0.052471 | lr=2.01e-04 | D=-- | D'=--
2026-06-30 01:05:48 | n4_b1p75 | samples= 47,545,600 | speed= 3,568 sps | loss=0.055980 | val=0.052092 | lr=1.60e-04 | D=-- | D'=--
2026-06-30 01:06:16 | n4_b1p75 | samples= 47,645,696 | speed= 3,558 sps | loss=0.055915 | val=0.052234 | lr=1.71e-04 | D=-- | D'=--
2026-06-30 01:06:48 | n4_b1p75 | samples= 47,745,792 | speed= 3,169 sps | loss=0.055747 | val=0.051658 | lr=8.62e-05 | D=-- | D'=--
2026-06-30 01:07:19 | n4_b1p75 | samples= 47,845,888 | speed= 3,178 sps | loss=0.055377 | val=0.051385 | lr=5.71e-05 | D=-- | D'=--
2026-06-30 01:07:51 | n4_b1p75 | samples= 47,945,984 | speed= 3,172 sps | loss=0.055272 | val=0.051323 | lr=5.90e-05 | D=-- | D'=--
2026-06-30 01:08:19 | n4_b1p75 | samples= 48,046,080 | speed= 3,577 sps | loss=0.055301 | val=0.051573 | lr=1.15e-04 | D=-- | D'=--
2026-06-30 01:08:47 | n4_b1p75 | samples= 48,146,176 | speed= 3,575 sps | loss=0.055352 | val=0.051427 | lr=8.17e-05 | D=-- | D'=--
2026-06-30 01:09:18 | n4_b1p75 | samples= 48,246,272 | speed= 3,168 sps | loss=0.055185 | val=0.051230 | lr=6.56e-05 | D=-- | D'=--
2026-06-30 01:10:00 | n4_b1p75 | samples= 48,346,368 | speed= 2,420 sps | loss=0.055069 | val=0.051127 | lr=4.73e-05 | D=-- | D'=--
2026-06-30 01:10:27 | n4_b1p75 | samples= 48,446,464 | speed= 3,609 sps | loss=0.055085 | val=0.051193 | lr=7.27e-05 | D=-- | D'=--
2026-06-30 01:10:55 | n4_b1p75 | samples= 48,546,560 | speed= 3,594 sps | loss=0.055083 | val=0.051245 | lr=8.64e-05 | D=-- | D'=--
2026-06-30 01:11:23 | n4_b1p75 | samples= 48,646,656 | speed= 3,585 sps | loss=0.055323 | val=0.051403 | lr=1.16e-04 | D=-- | D'=--
2026-06-30 01:11:51 | n4_b1p75 | samples= 48,746,752 | speed= 3,575 sps | loss=0.055229 | val=0.051241 | lr=9.35e-05 | D=-- | D'=--
2026-06-30 01:12:23 | n4_b1p75 | samples= 48,846,848 | speed= 3,179 sps | loss=0.055049 | val=0.051121 | lr=7.11e-05 | D=-- | D'=--
2026-06-30 01:12:54 | n4_b1p75 | samples= 48,946,944 | speed= 3,187 sps | loss=0.054966 | val=0.051024 | lr=7.07e-05 | D=-- | D'=--
2026-06-30 01:13:22 | n4_b1p75 | samples= 49,047,040 | speed= 3,586 sps | loss=0.054903 | val=0.051029 | lr=7.65e-05 | D=-- | D'=--
2026-06-30 01:13:50 | n4_b1p75 | samples= 49,147,136 | speed= 3,578 sps | loss=0.054996 | val=0.051126 | lr=9.80e-05 | D=-- | D'=--
2026-06-30 01:14:18 | n4_b1p75 | samples= 49,247,232 | speed= 3,572 sps | loss=0.054991 | val=0.051129 | lr=1.05e-04 | D=-- | D'=--
2026-06-30 01:14:46 | n4_b1p75 | samples= 49,347,328 | speed= 3,572 sps | loss=0.054911 | val=0.051037 | lr=9.13e-05 | D=-- | D'=--
2026-06-30 01:15:14 | n4_b1p75 | samples= 49,447,424 | speed= 3,567 sps | loss=0.055037 | val=0.051641 | lr=1.87e-04 | D=-- | D'=--
2026-06-30 01:15:42 | n4_b1p75 | samples= 49,547,520 | speed= 3,565 sps | loss=0.055506 | val=0.052121 | lr=2.42e-04 | D=-- | D'=--
2026-06-30 01:16:10 | n4_b1p75 | samples= 49,647,616 | speed= 3,565 sps | loss=0.055833 | val=0.052713 | lr=3.07e-04 | D=-- | D'=--
2026-06-30 01:16:38 | n4_b1p75 | samples= 49,747,712 | speed= 3,562 sps | loss=0.056230 | val=0.053371 | lr=3.48e-04 | D=-- | D'=--
2026-06-30 01:17:07 | n4_b1p75 | samples= 49,847,808 | speed= 3,560 sps | loss=0.058567 | val=0.054347 | lr=3.98e-04 | D=-- | D'=--
2026-06-30 01:17:35 | n4_b1p75 | samples= 49,947,904 | speed= 3,561 sps | loss=0.055648 | val=0.051176 | lr=4.57e-05 | D=-- | D'=--
2026-06-30 01:18:06 | n4_b1p75 | samples= 50,048,000 | speed= 3,168 sps | loss=0.054832 | val=0.050995 | lr=2.16e-05 | D=-- | D'=--
2026-06-30 01:18:45 | n4_b1p75 | samples= 50,148,072 | speed= 2,596 sps | loss=0.054701 | val=0.050861 | lr=3.57e-05 | D=-- | D'=--
2026-06-30 01:19:16 | n4_b1p75 | samples= 50,248,168 | speed= 3,198 sps | loss=0.054617 | val=0.050850 | lr=5.72e-05 | D=-- | D'=--
2026-06-30 01:19:44 | n4_b1p75 | samples= 50,348,264 | speed= 3,587 sps | loss=0.054549 | val=0.050933 | lr=1.14e-04 | D=-- | D'=--
2026-06-30 01:20:12 | n4_b1p75 | samples= 50,448,360 | speed= 3,578 sps | loss=0.054658 | val=0.050999 | lr=1.10e-04 | D=-- | D'=--
2026-06-30 01:20:44 | n4_b1p75 | samples= 50,548,456 | speed= 3,166 sps | loss=0.054493 | val=0.050702 | lr=7.29e-05 | D=-- | D'=--
2026-06-30 01:21:15 | n4_b1p75 | samples= 50,648,552 | speed= 3,173 sps | loss=0.054508 | val=0.050615 | lr=6.67e-05 | D=-- | D'=--
2026-06-30 01:21:47 | n4_b1p75 | samples= 50,748,648 | speed= 3,184 sps | loss=0.054312 | val=0.050509 | lr=6.19e-05 | D=-- | D'=--
2026-06-30 01:22:18 | n4_b1p75 | samples= 50,848,744 | speed= 3,185 sps | loss=0.054280 | val=0.050496 | lr=7.67e-05 | D=-- | D'=--
2026-06-30 01:22:47 | n4_b1p75 | samples= 50,948,840 | speed= 3,496 sps | loss=0.054681 | val=0.051082 | lr=1.62e-04 | D=-- | D'=--
2026-06-30 01:23:15 | n4_b1p75 | samples= 51,048,936 | speed= 3,487 sps | loss=0.054693 | val=0.050873 | lr=1.54e-04 | D=-- | D'=--
2026-06-30 01:23:44 | n4_b1p75 | samples= 51,149,032 | speed= 3,474 sps | loss=0.054789 | val=0.059607 | lr=1.05e-03 | D=-- | D'=--
2026-06-30 01:24:13 | n4_b1p75 | samples= 51,249,128 | speed= 3,482 sps | loss=0.059122 | val=0.052210 | lr=2.29e-04 | D=-- | D'=--
2026-06-30 01:24:42 | n4_b1p75 | samples= 51,349,224 | speed= 3,477 sps | loss=0.054998 | val=0.050820 | lr=4.61e-05 | D=-- | D'=--
2026-06-30 01:25:10 | n4_b1p75 | samples= 51,449,320 | speed= 3,477 sps | loss=0.054491 | val=0.050622 | lr=3.82e-05 | D=-- | D'=--
2026-06-30 01:25:39 | n4_b1p75 | samples= 51,549,416 | speed= 3,478 sps | loss=0.054259 | val=0.050533 | lr=5.35e-05 | D=-- | D'=--
2026-06-30 01:26:08 | n4_b1p75 | samples= 51,649,512 | speed= 3,481 sps | loss=0.055184 | val=0.052988 | lr=3.46e-04 | D=-- | D'=--
2026-06-30 01:26:36 | n4_b1p75 | samples= 51,749,608 | speed= 3,515 sps | loss=0.055023 | val=0.050743 | lr=1.20e-04 | D=-- | D'=--
2026-06-30 01:27:09 | n4_b1p75 | samples= 51,849,704 | speed= 3,102 sps | loss=0.054237 | val=0.050327 | lr=8.25e-05 | D=-- | D'=--
2026-06-30 01:27:41 | n4_b1p75 | samples= 51,949,800 | speed= 3,102 sps | loss=0.054060 | val=0.050153 | lr=7.03e-05 | D=-- | D'=--
2026-06-30 01:28:13 | n4_b1p75 | samples= 52,049,896 | speed= 3,114 sps | loss=0.053868 | val=0.050122 | lr=6.93e-05 | D=-- | D'=--
2026-06-30 01:28:45 | n4_b1p75 | samples= 52,149,992 | speed= 3,145 sps | loss=0.053801 | val=0.050002 | lr=7.02e-05 | D=-- | D'=--
2026-06-30 01:29:17 | n4_b1p75 | samples= 52,250,088 | speed= 3,141 sps | loss=0.053786 | val=0.049887 | lr=5.92e-05 | D=-- | D'=--
2026-06-30 01:29:45 | n4_b1p75 | samples= 52,350,184 | speed= 3,529 sps | loss=0.053778 | val=0.050236 | lr=1.26e-04 | D=-- | D'=--
2026-06-30 01:30:14 | n4_b1p75 | samples= 52,450,280 | speed= 3,493 sps | loss=0.054035 | val=0.050140 | lr=1.16e-04 | D=-- | D'=--
2026-06-30 01:30:42 | n4_b1p75 | samples= 52,550,376 | speed= 3,529 sps | loss=0.053792 | val=0.049950 | lr=9.25e-05 | D=-- | D'=--
2026-06-30 01:31:14 | n4_b1p75 | samples= 52,650,472 | speed= 3,138 sps | loss=0.053683 | val=0.049795 | lr=8.29e-05 | D=-- | D'=--
2026-06-30 01:31:43 | n4_b1p75 | samples= 52,750,568 | speed= 3,523 sps | loss=0.053830 | val=0.050875 | lr=2.16e-04 | D=-- | D'=--
2026-06-30 01:32:11 | n4_b1p75 | samples= 52,850,664 | speed= 3,524 sps | loss=0.054093 | val=0.050215 | lr=1.44e-04 | D=-- | D'=--
2026-06-30 01:32:48 | n4_b1p75 | samples= 52,950,760 | speed= 2,690 sps | loss=0.053771 | val=0.049714 | lr=7.77e-05 | D=-- | D'=--
2026-06-30 01:33:20 | n4_b1p75 | samples= 53,050,856 | speed= 3,158 sps | loss=0.053422 | val=0.049598 | lr=8.31e-05 | D=-- | D'=--
2026-06-30 01:33:48 | n4_b1p75 | samples= 53,150,952 | speed= 3,542 sps | loss=0.053514 | val=0.049980 | lr=1.48e-04 | D=-- | D'=--
2026-06-30 01:34:16 | n4_b1p75 | samples= 53,251,048 | speed= 3,531 sps | loss=0.053710 | val=0.050293 | lr=1.93e-04 | D=-- | D'=--
2026-06-30 01:34:45 | n4_b1p75 | samples= 53,351,144 | speed= 3,523 sps | loss=0.054001 | val=0.050258 | lr=1.72e-04 | D=-- | D'=--
2026-06-30 01:35:13 | n4_b1p75 | samples= 53,451,240 | speed= 3,520 sps | loss=0.053635 | val=0.049780 | lr=1.39e-04 | D=-- | D'=--
2026-06-30 01:35:45 | n4_b1p75 | samples= 53,551,336 | speed= 3,136 sps | loss=0.053507 | val=0.049561 | lr=1.03e-04 | D=-- | D'=--
2026-06-30 01:36:14 | n4_b1p75 | samples= 53,651,432 | speed= 3,526 sps | loss=0.053578 | val=0.049933 | lr=1.78e-04 | D=-- | D'=--
2026-06-30 01:36:42 | n4_b1p75 | samples= 53,751,528 | speed= 3,522 sps | loss=0.053771 | val=0.050066 | lr=1.80e-04 | D=-- | D'=--
2026-06-30 01:37:14 | n4_b1p75 | samples= 53,851,624 | speed= 3,132 sps | loss=0.053440 | val=0.049281 | lr=8.39e-05 | D=-- | D'=--
2026-06-30 01:37:46 | n4_b1p75 | samples= 53,951,720 | speed= 3,107 sps | loss=0.052978 | val=0.049045 | lr=4.90e-05 | D=-- | D'=--
2026-06-30 01:38:18 | n4_b1p75 | samples= 54,051,816 | speed= 3,188 sps | loss=0.052862 | val=0.049000 | lr=5.58e-05 | D=-- | D'=--
2026-06-30 01:38:49 | n4_b1p75 | samples= 54,151,912 | speed= 3,230 sps | loss=0.052828 | val=0.048891 | lr=4.38e-05 | D=-- | D'=--
2026-06-30 01:39:16 | n4_b1p75 | samples= 54,252,008 | speed= 3,594 sps | loss=0.052831 | val=0.048959 | lr=6.97e-05 | D=-- | D'=--
2026-06-30 01:39:44 | n4_b1p75 | samples= 54,352,104 | speed= 3,587 sps | loss=0.052736 | val=0.048941 | lr=5.99e-05 | D=-- | D'=--
2026-06-30 01:40:16 | n4_b1p75 | samples= 54,452,200 | speed= 3,184 sps | loss=0.052856 | val=0.048875 | lr=4.20e-05 | D=-- | D'=--
2026-06-30 01:40:47 | n4_b1p75 | samples= 54,552,296 | speed= 3,183 sps | loss=0.052718 | val=0.048743 | lr=3.52e-05 | D=-- | D'=--
2026-06-30 01:41:15 | n4_b1p75 | samples= 54,652,392 | speed= 3,587 sps | loss=0.052725 | val=0.048750 | lr=3.88e-05 | D=-- | D'=--
2026-06-30 01:41:43 | n4_b1p75 | samples= 54,752,488 | speed= 3,579 sps | loss=0.052672 | val=0.048843 | lr=6.65e-05 | D=-- | D'=--
2026-06-30 01:42:11 | n4_b1p75 | samples= 54,852,584 | speed= 3,570 sps | loss=0.052711 | val=0.048824 | lr=5.98e-05 | D=-- | D'=--
2026-06-30 01:42:39 | n4_b1p75 | samples= 54,952,680 | speed= 3,570 sps | loss=0.052724 | val=0.048766 | lr=4.09e-05 | D=-- | D'=--
2026-06-30 01:43:11 | n4_b1p75 | samples= 55,052,776 | speed= 3,167 sps | loss=0.052516 | val=0.048640 | lr=2.91e-05 | D=-- | D'=--
2026-06-30 01:43:42 | n4_b1p75 | samples= 55,152,872 | speed= 3,175 sps | loss=0.052496 | val=0.048578 | lr=2.55e-05 | D=-- | D'=--
2026-06-30 01:44:10 | n4_b1p75 | samples= 55,252,968 | speed= 3,576 sps | loss=0.052512 | val=0.048612 | lr=3.10e-05 | D=-- | D'=--
2026-06-30 01:44:42 | n4_b1p75 | samples= 55,353,064 | speed= 3,166 sps | loss=0.052508 | val=0.048545 | lr=2.26e-05 | D=-- | D'=--
2026-06-30 01:45:10 | n4_b1p75 | samples= 55,453,160 | speed= 3,576 sps | loss=0.052405 | val=0.048564 | lr=3.31e-05 | D=-- | D'=--
2026-06-30 01:45:41 | n4_b1p75 | samples= 55,553,256 | speed= 3,174 sps | loss=0.052477 | val=0.048534 | lr=3.32e-05 | D=-- | D'=--
2026-06-30 01:46:09 | n4_b1p75 | samples= 55,653,352 | speed= 3,581 sps | loss=0.052571 | val=0.048867 | lr=1.02e-04 | D=-- | D'=--
2026-06-30 01:46:37 | n4_b1p75 | samples= 55,753,448 | speed= 3,574 sps | loss=0.052729 | val=0.048777 | lr=7.84e-05 | D=-- | D'=--
2026-06-30 01:47:05 | n4_b1p75 | samples= 55,853,544 | speed= 3,572 sps | loss=0.052675 | val=0.048873 | lr=1.00e-04 | D=-- | D'=--
2026-06-30 01:47:33 | n4_b1p75 | samples= 55,953,640 | speed= 3,570 sps | loss=0.054491 | val=0.053691 | lr=4.67e-04 | D=-- | D'=--
2026-06-30 01:48:02 | n4_b1p75 | samples= 56,053,736 | speed= 3,566 sps | loss=0.054364 | val=0.049576 | lr=1.48e-04 | D=-- | D'=--
2026-06-30 01:48:30 | n4_b1p75 | samples= 56,153,832 | speed= 3,564 sps | loss=0.052916 | val=0.048828 | lr=4.96e-05 | D=-- | D'=--
2026-06-30 01:48:58 | n4_b1p75 | samples= 56,253,928 | speed= 3,562 sps | loss=0.052525 | val=0.048602 | lr=3.17e-05 | D=-- | D'=--
2026-06-30 01:49:26 | n4_b1p75 | samples= 56,354,024 | speed= 3,561 sps | loss=0.052422 | val=0.048562 | lr=3.09e-05 | D=-- | D'=--
2026-06-30 01:49:57 | n4_b1p75 | samples= 56,454,120 | speed= 3,174 sps | loss=0.052262 | val=0.048493 | lr=2.87e-05 | D=-- | D'=--
2026-06-30 01:50:29 | n4_b1p75 | samples= 56,554,216 | speed= 3,176 sps | loss=0.052273 | val=0.048404 | lr=2.59e-05 | D=-- | D'=--
2026-06-30 01:50:57 | n4_b1p75 | samples= 56,654,312 | speed= 3,578 sps | loss=0.052284 | val=0.048440 | lr=2.33e-05 | D=-- | D'=--
2026-06-30 01:51:28 | n4_b1p75 | samples= 56,754,408 | speed= 3,184 sps | loss=0.052238 | val=0.048330 | lr=1.61e-05 | D=-- | D'=--
2026-06-30 01:51:56 | n4_b1p75 | samples= 56,854,504 | speed= 3,575 sps | loss=0.052126 | val=0.048362 | lr=2.87e-05 | D=-- | D'=--
2026-06-30 01:52:24 | n4_b1p75 | samples= 56,954,600 | speed= 3,568 sps | loss=0.052292 | val=0.048389 | lr=3.99e-05 | D=-- | D'=--
2026-06-30 01:52:52 | n4_b1p75 | samples= 57,054,696 | speed= 3,567 sps | loss=0.052240 | val=0.048406 | lr=4.21e-05 | D=-- | D'=--
2026-06-30 01:53:31 | n4_b1p75 | samples= 57,154,792 | speed= 2,584 sps | loss=0.052190 | val=0.048259 | lr=2.46e-05 | D=-- | D'=--
2026-06-30 01:53:59 | n4_b1p75 | samples= 57,254,888 | speed= 3,598 sps | loss=0.052088 | val=0.048263 | lr=2.52e-05 | D=-- | D'=--
2026-06-30 01:54:30 | n4_b1p75 | samples= 57,354,984 | speed= 3,190 sps | loss=0.052145 | val=0.048231 | lr=2.21e-05 | D=-- | D'=--
2026-06-30 01:55:02 | n4_b1p75 | samples= 57,455,080 | speed= 3,180 sps | loss=0.052026 | val=0.048210 | lr=1.88e-05 | D=-- | D'=--
2026-06-30 01:55:30 | n4_b1p75 | samples= 57,555,176 | speed= 3,588 sps | loss=0.052060 | val=0.048234 | lr=2.92e-05 | D=-- | D'=--
2026-06-30 01:55:58 | n4_b1p75 | samples= 57,655,272 | speed= 3,578 sps | loss=0.052154 | val=0.048216 | lr=2.94e-05 | D=-- | D'=--
2026-06-30 01:56:29 | n4_b1p75 | samples= 57,755,368 | speed= 3,173 sps | loss=0.052004 | val=0.048134 | lr=1.75e-05 | D=-- | D'=--
2026-06-30 01:56:57 | n4_b1p75 | samples= 57,855,464 | speed= 3,579 sps | loss=0.052043 | val=0.048137 | lr=1.98e-05 | D=-- | D'=--
2026-06-30 01:57:25 | n4_b1p75 | samples= 57,955,560 | speed= 3,575 sps | loss=0.052073 | val=0.048220 | lr=4.13e-05 | D=-- | D'=--
2026-06-30 01:57:53 | n4_b1p75 | samples= 58,055,656 | speed= 3,570 sps | loss=0.052076 | val=0.048191 | lr=4.25e-05 | D=-- | D'=--
2026-06-30 01:58:21 | n4_b1p75 | samples= 58,155,752 | speed= 3,568 sps | loss=0.052018 | val=0.048167 | lr=3.08e-05 | D=-- | D'=--
2026-06-30 01:58:53 | n4_b1p75 | samples= 58,255,848 | speed= 3,171 sps | loss=0.051991 | val=0.048110 | lr=2.71e-05 | D=-- | D'=--
2026-06-30 01:59:21 | n4_b1p75 | samples= 58,355,944 | speed= 3,574 sps | loss=0.052022 | val=0.048132 | lr=3.78e-05 | D=-- | D'=--
2026-06-30 01:59:54 | n4_b1p75 | samples= 58,456,040 | speed= 3,047 sps | loss=0.052008 | val=0.048110 | lr=2.63e-05 | D=-- | D'=--
2026-06-30 02:00:25 | n4_b1p75 | samples= 58,556,136 | speed= 3,180 sps | loss=0.051918 | val=0.048089 | lr=2.78e-05 | D=-- | D'=--
2026-06-30 02:00:57 | n4_b1p75 | samples= 58,656,232 | speed= 3,154 sps | loss=0.051877 | val=0.048056 | lr=3.41e-05 | D=-- | D'=--
2026-06-30 02:01:25 | n4_b1p75 | samples= 58,756,328 | speed= 3,533 sps | loss=0.051883 | val=0.048118 | lr=4.64e-05 | D=-- | D'=--
2026-06-30 02:01:54 | n4_b1p75 | samples= 58,856,424 | speed= 3,491 sps | loss=0.051990 | val=0.048136 | lr=5.19e-05 | D=-- | D'=--
2026-06-30 02:02:23 | n4_b1p75 | samples= 58,956,520 | speed= 3,488 sps | loss=0.051956 | val=0.048082 | lr=4.04e-05 | D=-- | D'=--
2026-06-30 02:02:51 | n4_b1p75 | samples= 59,056,616 | speed= 3,484 sps | loss=0.051971 | val=0.048301 | lr=1.28e-04 | D=-- | D'=--
2026-06-30 02:03:20 | n4_b1p75 | samples= 59,156,712 | speed= 3,480 sps | loss=0.052343 | val=0.048477 | lr=1.05e-04 | D=-- | D'=--
2026-06-30 02:03:49 | n4_b1p75 | samples= 59,256,808 | speed= 3,520 sps | loss=0.052290 | val=0.048219 | lr=7.37e-05 | D=-- | D'=--
2026-06-30 02:04:21 | n4_b1p75 | samples= 59,356,904 | speed= 3,124 sps | loss=0.052036 | val=0.048031 | lr=4.13e-05 | D=-- | D'=--
2026-06-30 02:04:53 | n4_b1p75 | samples= 59,457,000 | speed= 3,100 sps | loss=0.051840 | val=0.047933 | lr=3.49e-05 | D=-- | D'=--
2026-06-30 02:05:22 | n4_b1p75 | samples= 59,557,096 | speed= 3,492 sps | loss=0.052187 | val=0.048420 | lr=1.14e-04 | D=-- | D'=--
2026-06-30 02:05:50 | n4_b1p75 | samples= 59,657,192 | speed= 3,491 sps | loss=0.052177 | val=0.048187 | lr=7.98e-05 | D=-- | D'=--
2026-06-30 02:06:19 | n4_b1p75 | samples= 59,757,288 | speed= 3,522 sps | loss=0.051977 | val=0.047998 | lr=5.09e-05 | D=-- | D'=--
2026-06-30 02:06:47 | n4_b1p75 | samples= 59,857,384 | speed= 3,517 sps | loss=0.051853 | val=0.048026 | lr=6.40e-05 | D=-- | D'=--
2026-06-30 02:07:16 | n4_b1p75 | samples= 59,957,480 | speed= 3,483 sps | loss=0.053066 | val=0.051801 | lr=4.13e-04 | D=-- | D'=--
2026-06-30 02:07:45 | n4_b1p75 | samples= 60,057,576 | speed= 3,478 sps | loss=0.053948 | val=0.049545 | lr=2.17e-04 | D=-- | D'=--
2026-06-30 02:08:13 | n4_b1p75 | samples= 60,157,672 | speed= 3,479 sps | loss=0.052410 | val=0.048205 | lr=7.16e-05 | D=-- | D'=--
2026-06-30 02:08:42 | n4_b1p75 | samples= 60,257,768 | speed= 3,475 sps | loss=0.051985 | val=0.047959 | lr=4.16e-05 | D=-- | D'=--
2026-06-30 02:09:14 | n4_b1p75 | samples= 60,357,864 | speed= 3,124 sps | loss=0.051820 | val=0.047879 | lr=4.31e-05 | D=-- | D'=--
2026-06-30 02:09:46 | n4_b1p75 | samples= 60,457,960 | speed= 3,134 sps | loss=0.051694 | val=0.047812 | lr=4.30e-05 | D=-- | D'=--
2026-06-30 02:10:18 | n4_b1p75 | samples= 60,558,056 | speed= 3,115 sps | loss=0.051674 | val=0.047795 | lr=4.24e-05 | D=-- | D'=--
2026-06-30 02:10:47 | n4_b1p75 | samples= 60,658,152 | speed= 3,489 sps | loss=0.052246 | val=0.049852 | lr=2.76e-04 | D=-- | D'=--
2026-06-30 02:11:15 | n4_b1p75 | samples= 60,758,248 | speed= 3,525 sps | loss=0.053152 | val=0.049992 | lr=2.97e-04 | D=-- | D'=--
2026-06-30 02:11:44 | n4_b1p75 | samples= 60,858,344 | speed= 3,521 sps | loss=0.053056 | val=0.048862 | lr=1.75e-04 | D=-- | D'=--
2026-06-30 02:12:12 | n4_b1p75 | samples= 60,958,440 | speed= 3,517 sps | loss=0.052009 | val=0.047869 | lr=5.16e-05 | D=-- | D'=--
2026-06-30 02:12:44 | n4_b1p75 | samples= 61,058,536 | speed= 3,127 sps | loss=0.051544 | val=0.047639 | lr=2.67e-05 | D=-- | D'=--
2026-06-30 02:13:16 | n4_b1p75 | samples= 61,158,632 | speed= 3,113 sps | loss=0.051437 | val=0.047560 | lr=1.91e-05 | D=-- | D'=--
2026-06-30 02:13:48 | n4_b1p75 | samples= 61,258,728 | speed= 3,140 sps | loss=0.051369 | val=0.047513 | lr=2.11e-05 | D=-- | D'=--
2026-06-30 02:14:20 | n4_b1p75 | samples= 61,358,824 | speed= 3,145 sps | loss=0.051324 | val=0.047502 | lr=2.64e-05 | D=-- | D'=--
2026-06-30 02:14:52 | n4_b1p75 | samples= 61,458,920 | speed= 3,151 sps | loss=0.051358 | val=0.047441 | lr=2.90e-05 | D=-- | D'=--
2026-06-30 02:15:24 | n4_b1p75 | samples= 61,559,016 | speed= 3,113 sps | loss=0.051261 | val=0.047384 | lr=1.28e-05 | D=-- | D'=--
2026-06-30 02:15:55 | n4_b1p75 | samples= 61,659,112 | speed= 3,200 sps | loss=0.051287 | val=0.047355 | lr=7.76e-06 | D=-- | D'=--
2026-06-30 02:16:23 | n4_b1p75 | samples= 61,759,208 | speed= 3,599 sps | loss=0.051167 | val=0.047379 | lr=7.21e-06 | D=-- | D'=--
2026-06-30 02:16:55 | n4_b1p75 | samples= 61,859,304 | speed= 3,190 sps | loss=0.051255 | val=0.047342 | lr=4.51e-06 | D=-- | D'=--
2026-06-30 02:17:22 | n4_b1p75 | samples= 61,959,400 | speed= 3,596 sps | loss=0.051212 | val=0.047373 | lr=7.12e-06 | D=-- | D'=--
2026-06-30 02:17:54 | n4_b1p75 | samples= 62,059,496 | speed= 3,191 sps | loss=0.051141 | val=0.047300 | lr=9.24e-06 | D=-- | D'=--
2026-06-30 02:18:22 | n4_b1p75 | samples= 62,159,592 | speed= 3,598 sps | loss=0.051180 | val=0.047329 | lr=6.54e-06 | D=-- | D'=--
2026-06-30 02:18:49 | n4_b1p75 | samples= 62,259,688 | speed= 3,590 sps | loss=0.051127 | val=0.047300 | lr=5.95e-06 | D=-- | D'=--
2026-06-30 02:19:17 | n4_b1p75 | samples= 62,359,784 | speed= 3,587 sps | loss=0.051168 | val=0.047323 | lr=6.74e-06 | D=-- | D'=--
2026-06-30 02:19:45 | n4_b1p75 | samples= 62,459,880 | speed= 3,585 sps | loss=0.051188 | val=0.047306 | lr=8.61e-06 | D=-- | D'=--
2026-06-30 02:20:13 | n4_b1p75 | samples= 62,559,976 | speed= 3,585 sps | loss=0.051117 | val=0.047327 | lr=2.08e-05 | D=-- | D'=--
2026-06-30 02:20:41 | n4_b1p75 | samples= 62,660,072 | speed= 3,581 sps | loss=0.051220 | val=0.047334 | lr=2.24e-05 | D=-- | D'=--
2026-06-30 02:21:09 | n4_b1p75 | samples= 62,760,168 | speed= 3,579 sps | loss=0.051192 | val=0.047320 | lr=2.80e-05 | D=-- | D'=--
2026-06-30 02:21:37 | n4_b1p75 | samples= 62,860,264 | speed= 3,579 sps | loss=0.051100 | val=0.047303 | lr=2.67e-05 | D=-- | D'=--
2026-06-30 02:22:05 | n4_b1p75 | samples= 62,960,360 | speed= 3,577 sps | loss=0.051180 | val=0.047358 | lr=4.34e-05 | D=-- | D'=--
2026-06-30 02:22:33 | n4_b1p75 | samples= 63,060,456 | speed= 3,580 sps | loss=0.051229 | val=0.047331 | lr=3.28e-05 | D=-- | D'=--
2026-06-30 02:23:05 | n4_b1p75 | samples= 63,160,552 | speed= 3,175 sps | loss=0.051226 | val=0.047274 | lr=2.66e-05 | D=-- | D'=--
2026-06-30 02:23:36 | n4_b1p75 | samples= 63,260,648 | speed= 3,187 sps | loss=0.051201 | val=0.047234 | lr=2.64e-05 | D=-- | D'=--
2026-06-30 02:24:04 | n4_b1p75 | samples= 63,360,744 | speed= 3,590 sps | loss=0.051325 | val=0.047567 | lr=8.11e-05 | D=-- | D'=--
2026-06-30 02:24:32 | n4_b1p75 | samples= 63,460,840 | speed= 3,584 sps | loss=0.051502 | val=0.047716 | lr=1.06e-04 | D=-- | D'=--
2026-06-30 02:25:00 | n4_b1p75 | samples= 63,560,936 | speed= 3,583 sps | loss=0.051467 | val=0.047698 | lr=9.60e-05 | D=-- | D'=--
2026-06-30 02:25:28 | n4_b1p75 | samples= 63,661,032 | speed= 3,578 sps | loss=0.051806 | val=0.050588 | lr=3.64e-04 | D=-- | D'=--
2026-06-30 02:25:56 | n4_b1p75 | samples= 63,761,128 | speed= 3,577 sps | loss=0.053619 | val=0.051361 | lr=4.35e-04 | D=-- | D'=--
2026-06-30 02:26:24 | n4_b1p75 | samples= 63,861,224 | speed= 3,574 sps | loss=0.053342 | val=0.048581 | lr=1.68e-04 | D=-- | D'=--
2026-06-30 02:26:52 | n4_b1p75 | samples= 63,961,320 | speed= 3,575 sps | loss=0.051740 | val=0.047554 | lr=4.94e-05 | D=-- | D'=--
2026-06-30 02:27:20 | n4_b1p75 | samples= 64,061,416 | speed= 3,574 sps | loss=0.051203 | val=0.047301 | lr=2.09e-05 | D=-- | D'=--
2026-06-30 02:27:55 | n4_b1p75 | samples= 64,161,512 | speed= 2,848 sps | loss=0.051103 | val=0.047211 | lr=2.02e-05 | D=-- | D'=--
2026-06-30 02:28:23 | n4_b1p75 | samples= 64,261,608 | speed= 3,598 sps | loss=0.051219 | val=0.047626 | lr=1.15e-04 | D=-- | D'=--
2026-06-30 02:28:51 | n4_b1p75 | samples= 64,361,704 | speed= 3,587 sps | loss=0.051488 | val=0.047927 | lr=1.49e-04 | D=-- | D'=--
2026-06-30 02:29:18 | n4_b1p75 | samples= 64,461,800 | speed= 3,584 sps | loss=0.051380 | val=0.047416 | lr=7.65e-05 | D=-- | D'=--
2026-06-30 02:29:50 | n4_b1p75 | samples= 64,561,896 | speed= 3,176 sps | loss=0.051095 | val=0.047138 | lr=5.81e-05 | D=-- | D'=--
2026-06-30 02:30:18 | n4_b1p75 | samples= 64,661,992 | speed= 3,592 sps | loss=0.050974 | val=0.047155 | lr=6.47e-05 | D=-- | D'=--
2026-06-30 02:30:46 | n4_b1p75 | samples= 64,762,088 | speed= 3,583 sps | loss=0.051144 | val=0.047438 | lr=1.14e-04 | D=-- | D'=--
2026-06-30 02:31:14 | n4_b1p75 | samples= 64,862,184 | speed= 3,580 sps | loss=0.051101 | val=0.047184 | lr=8.82e-05 | D=-- | D'=--
2026-06-30 02:31:42 | n4_b1p75 | samples= 64,962,280 | speed= 3,576 sps | loss=0.051040 | val=0.047204 | lr=8.93e-05 | D=-- | D'=--
2026-06-30 02:32:10 | n4_b1p75 | samples= 65,062,376 | speed= 3,574 sps | loss=0.051499 | val=0.047891 | lr=1.87e-04 | D=-- | D'=--
2026-06-30 02:32:38 | n4_b1p75 | samples= 65,162,472 | speed= 3,574 sps | loss=0.051815 | val=0.048593 | lr=2.58e-04 | D=-- | D'=--
2026-06-30 02:33:06 | n4_b1p75 | samples= 65,262,568 | speed= 3,570 sps | loss=0.052018 | val=0.048188 | lr=1.87e-04 | D=-- | D'=--
2026-06-30 02:33:37 | n4_b1p75 | samples= 65,362,664 | speed= 3,176 sps | loss=0.051199 | val=0.046963 | lr=5.36e-05 | D=-- | D'=--
2026-06-30 02:34:09 | n4_b1p75 | samples= 65,462,760 | speed= 3,178 sps | loss=0.050694 | val=0.046794 | lr=4.57e-05 | D=-- | D'=--
2026-06-30 02:34:40 | n4_b1p75 | samples= 65,562,856 | speed= 3,189 sps | loss=0.050566 | val=0.046695 | lr=3.43e-05 | D=-- | D'=--
2026-06-30 02:35:12 | n4_b1p75 | samples= 65,662,952 | speed= 3,186 sps | loss=0.050610 | val=0.046632 | lr=3.89e-05 | D=-- | D'=--
2026-06-30 02:35:43 | n4_b1p75 | samples= 65,763,048 | speed= 3,184 sps | loss=0.050475 | val=0.046555 | lr=2.58e-05 | D=-- | D'=--
2026-06-30 02:36:11 | n4_b1p75 | samples= 65,863,144 | speed= 3,594 sps | loss=0.050416 | val=0.046569 | lr=2.35e-05 | D=-- | D'=--
2026-06-30 02:36:42 | n4_b1p75 | samples= 65,963,240 | speed= 3,187 sps | loss=0.050489 | val=0.046550 | lr=4.00e-05 | D=-- | D'=--
2026-06-30 02:37:10 | n4_b1p75 | samples= 66,063,336 | speed= 3,589 sps | loss=0.050458 | val=0.046650 | lr=5.78e-05 | D=-- | D'=--
2026-06-30 02:37:38 | n4_b1p75 | samples= 66,163,432 | speed= 3,584 sps | loss=0.050466 | val=0.046598 | lr=5.86e-05 | D=-- | D'=--
2026-06-30 02:38:10 | n4_b1p75 | samples= 66,263,528 | speed= 3,178 sps | loss=0.050451 | val=0.046507 | lr=3.60e-05 | D=-- | D'=--
2026-06-30 02:38:38 | n4_b1p75 | samples= 66,363,624 | speed= 3,582 sps | loss=0.050660 | val=0.047002 | lr=1.19e-04 | D=-- | D'=--
2026-06-30 02:39:05 | n4_b1p75 | samples= 66,463,720 | speed= 3,581 sps | loss=0.050851 | val=0.047185 | lr=1.38e-04 | D=-- | D'=--
2026-06-30 02:39:33 | n4_b1p75 | samples= 66,563,816 | speed= 3,574 sps | loss=0.050846 | val=0.046836 | lr=9.96e-05 | D=-- | D'=--
2026-06-30 02:40:02 | n4_b1p75 | samples= 66,663,912 | speed= 3,571 sps | loss=0.050637 | val=0.046803 | lr=1.04e-04 | D=-- | D'=--
2026-06-30 02:40:30 | n4_b1p75 | samples= 66,764,008 | speed= 3,569 sps | loss=0.050637 | val=0.048895 | lr=4.17e-04 | D=-- | D'=--
2026-06-30 02:40:58 | n4_b1p75 | samples= 66,864,104 | speed= 3,566 sps | loss=0.052821 | val=0.049367 | lr=3.21e-04 | D=-- | D'=--
2026-06-30 02:41:26 | n4_b1p75 | samples= 66,964,200 | speed= 3,563 sps | loss=0.051336 | val=0.046857 | lr=7.72e-05 | D=-- | D'=--
2026-06-30 02:41:57 | n4_b1p75 | samples= 67,064,296 | speed= 3,180 sps | loss=0.050422 | val=0.046470 | lr=3.10e-05 | D=-- | D'=--
2026-06-30 02:42:25 | n4_b1p75 | samples= 67,164,392 | speed= 3,576 sps | loss=0.050772 | val=0.047569 | lr=2.05e-04 | D=-- | D'=--
2026-06-30 02:42:53 | n4_b1p75 | samples= 67,264,488 | speed= 3,572 sps | loss=0.051004 | val=0.046880 | lr=1.19e-04 | D=-- | D'=--
2026-06-30 02:43:21 | n4_b1p75 | samples= 67,364,584 | speed= 3,566 sps | loss=0.050505 | val=0.046489 | lr=8.29e-05 | D=-- | D'=--
2026-06-30 02:43:49 | n4_b1p75 | samples= 67,464,680 | speed= 3,566 sps | loss=0.055946 | val=0.054393 | lr=5.79e-04 | D=-- | D'=--
2026-06-30 02:44:17 | n4_b1p75 | samples= 67,564,776 | speed= 3,564 sps | loss=0.052167 | val=0.047229 | lr=5.31e-05 | D=-- | D'=--
2026-06-30 02:44:46 | n4_b1p75 | samples= 67,664,872 | speed= 3,560 sps | loss=0.050718 | val=0.046923 | lr=1.84e-05 | D=-- | D'=--
2026-06-30 02:45:14 | n4_b1p75 | samples= 67,764,968 | speed= 3,560 sps | loss=0.050534 | val=0.046817 | lr=2.20e-05 | D=-- | D'=--
2026-06-30 02:45:42 | n4_b1p75 | samples= 67,865,064 | speed= 3,560 sps | loss=0.050448 | val=0.046757 | lr=1.97e-05 | D=-- | D'=--
2026-06-30 02:46:10 | n4_b1p75 | samples= 67,965,160 | speed= 3,563 sps | loss=0.051694 | val=0.048492 | lr=2.81e-04 | D=-- | D'=--
2026-06-30 02:46:38 | n4_b1p75 | samples= 68,065,256 | speed= 3,560 sps | loss=0.051058 | val=0.046799 | lr=8.42e-05 | D=-- | D'=--
2026-06-30 02:47:10 | n4_b1p75 | samples= 68,165,352 | speed= 3,168 sps | loss=0.050308 | val=0.046459 | lr=5.28e-05 | D=-- | D'=--
2026-06-30 02:47:41 | n4_b1p75 | samples= 68,265,448 | speed= 3,198 sps | loss=0.050166 | val=0.046438 | lr=7.31e-05 | D=-- | D'=--
2026-06-30 02:48:12 | n4_b1p75 | samples= 68,365,544 | speed= 3,207 sps | loss=0.050165 | val=0.046419 | lr=8.20e-05 | D=-- | D'=--
2026-06-30 02:48:44 | n4_b1p75 | samples= 68,465,640 | speed= 3,177 sps | loss=0.050124 | val=0.046304 | lr=6.62e-05 | D=-- | D'=--
2026-06-30 02:49:15 | n4_b1p75 | samples= 68,565,736 | speed= 3,185 sps | loss=0.049875 | val=0.046079 | lr=3.46e-05 | D=-- | D'=--
2026-06-30 02:49:46 | n4_b1p75 | samples= 68,665,832 | speed= 3,189 sps | loss=0.049819 | val=0.045988 | lr=2.98e-05 | D=-- | D'=--
2026-06-30 02:50:18 | n4_b1p75 | samples= 68,765,928 | speed= 3,185 sps | loss=0.049778 | val=0.045973 | lr=3.35e-05 | D=-- | D'=--
2026-06-30 02:50:49 | n4_b1p75 | samples= 68,866,024 | speed= 3,197 sps | loss=0.049660 | val=0.045899 | lr=2.11e-05 | D=-- | D'=--
2026-06-30 02:51:22 | n4_b1p75 | samples= 68,966,120 | speed= 3,052 sps | loss=0.049650 | val=0.045872 | lr=1.48e-05 | D=-- | D'=--
2026-06-30 02:51:53 | n4_b1p75 | samples= 69,066,216 | speed= 3,202 sps | loss=0.049625 | val=0.045846 | lr=1.92e-05 | D=-- | D'=--
2026-06-30 02:52:21 | n4_b1p75 | samples= 69,166,312 | speed= 3,601 sps | loss=0.049625 | val=0.045874 | lr=3.70e-05 | D=-- | D'=--
2026-06-30 02:52:52 | n4_b1p75 | samples= 69,266,408 | speed= 3,193 sps | loss=0.049565 | val=0.045794 | lr=2.23e-05 | D=-- | D'=--
2026-06-30 02:53:20 | n4_b1p75 | samples= 69,366,504 | speed= 3,592 sps | loss=0.049560 | val=0.045825 | lr=3.51e-05 | D=-- | D'=--
2026-06-30 02:53:48 | n4_b1p75 | samples= 69,466,600 | speed= 3,587 sps | loss=0.049586 | val=0.045813 | lr=2.53e-05 | D=-- | D'=--
2026-06-30 02:54:20 | n4_b1p75 | samples= 69,566,696 | speed= 3,186 sps | loss=0.049556 | val=0.045774 | lr=1.74e-05 | D=-- | D'=--
2026-06-30 02:54:51 | n4_b1p75 | samples= 69,666,792 | speed= 3,186 sps | loss=0.049580 | val=0.045772 | lr=3.25e-05 | D=-- | D'=--
2026-06-30 02:55:22 | n4_b1p75 | samples= 69,766,888 | speed= 3,192 sps | loss=0.049602 | val=0.045757 | lr=3.35e-05 | D=-- | D'=--
2026-06-30 02:55:50 | n4_b1p75 | samples= 69,866,984 | speed= 3,589 sps | loss=0.049680 | val=0.045944 | lr=6.96e-05 | D=-- | D'=--
2026-06-30 02:56:18 | n4_b1p75 | samples= 69,967,080 | speed= 3,585 sps | loss=0.049752 | val=0.045979 | lr=7.19e-05 | D=-- | D'=--
2026-06-30 02:56:46 | n4_b1p75 | samples= 70,067,176 | speed= 3,578 sps | loss=0.049687 | val=0.045815 | lr=4.83e-05 | D=-- | D'=--
2026-06-30 02:57:18 | n4_b1p75 | samples= 70,167,272 | speed= 3,179 sps | loss=0.049569 | val=0.045656 | lr=2.85e-05 | D=-- | D'=--
2026-06-30 02:57:46 | n4_b1p75 | samples= 70,267,368 | speed= 3,582 sps | loss=0.049460 | val=0.045712 | lr=5.12e-05 | D=-- | D'=--
2026-06-30 02:58:14 | n4_b1p75 | samples= 70,367,464 | speed= 3,580 sps | loss=0.049553 | val=0.045845 | lr=7.76e-05 | D=-- | D'=--
2026-06-30 02:58:42 | n4_b1p75 | samples= 70,467,560 | speed= 3,575 sps | loss=0.049621 | val=0.045806 | lr=6.99e-05 | D=-- | D'=--
2026-06-30 02:59:10 | n4_b1p75 | samples= 70,567,656 | speed= 3,572 sps | loss=0.050211 | val=0.047515 | lr=2.55e-04 | D=-- | D'=--
2026-06-30 02:59:38 | n4_b1p75 | samples= 70,667,752 | speed= 3,570 sps | loss=0.050608 | val=0.046452 | lr=1.35e-04 | D=-- | D'=--
2026-06-30 03:00:06 | n4_b1p75 | samples= 70,767,848 | speed= 3,569 sps | loss=0.049818 | val=0.045885 | lr=8.07e-05 | D=-- | D'=--
2026-06-30 03:00:34 | n4_b1p75 | samples= 70,867,944 | speed= 3,568 sps | loss=0.049738 | val=0.045812 | lr=8.58e-05 | D=-- | D'=--
2026-06-30 03:01:02 | n4_b1p75 | samples= 70,968,040 | speed= 3,565 sps | loss=0.050580 | val=0.048060 | lr=2.87e-04 | D=-- | D'=--
2026-06-30 03:01:30 | n4_b1p75 | samples= 71,068,136 | speed= 3,567 sps | loss=0.050330 | val=0.046032 | lr=1.05e-04 | D=-- | D'=--
2026-06-30 03:02:01 | n4_b1p75 | samples= 71,168,232 | speed= 3,168 sps | loss=0.049537 | val=0.045596 | lr=5.45e-05 | D=-- | D'=--
2026-06-30 03:02:33 | n4_b1p75 | samples= 71,268,328 | speed= 3,209 sps | loss=0.049270 | val=0.045416 | lr=3.15e-05 | D=-- | D'=--
2026-06-30 03:03:04 | n4_b1p75 | samples= 71,368,424 | speed= 3,220 sps | loss=0.049223 | val=0.045374 | lr=2.84e-05 | D=-- | D'=--
2026-06-30 03:03:35 | n4_b1p75 | samples= 71,468,520 | speed= 3,223 sps | loss=0.049134 | val=0.045313 | lr=2.19e-05 | D=-- | D'=--
2026-06-30 03:04:06 | n4_b1p75 | samples= 71,568,616 | speed= 3,187 sps | loss=0.049135 | val=0.045288 | lr=3.73e-05 | D=-- | D'=--
2026-06-30 03:04:34 | n4_b1p75 | samples= 71,668,712 | speed= 3,588 sps | loss=0.049190 | val=0.045359 | lr=4.52e-05 | D=-- | D'=--
2026-06-30 03:05:02 | n4_b1p75 | samples= 71,768,808 | speed= 3,580 sps | loss=0.049258 | val=0.045428 | lr=6.35e-05 | D=-- | D'=--
2026-06-30 03:05:30 | n4_b1p75 | samples= 71,868,904 | speed= 3,576 sps | loss=0.049275 | val=0.045483 | lr=8.09e-05 | D=-- | D'=--
2026-06-30 03:05:58 | n4_b1p75 | samples= 71,969,000 | speed= 3,569 sps | loss=0.049206 | val=0.045467 | lr=7.35e-05 | D=-- | D'=--
2026-06-30 03:06:26 | n4_b1p75 | samples= 72,069,096 | speed= 3,570 sps | loss=0.049446 | val=0.045869 | lr=1.25e-04 | D=-- | D'=--
2026-06-30 03:06:54 | n4_b1p75 | samples= 72,169,192 | speed= 3,569 sps | loss=0.049577 | val=0.045716 | lr=1.18e-04 | D=-- | D'=--
2026-06-30 03:07:22 | n4_b1p75 | samples= 72,269,288 | speed= 3,570 sps | loss=0.049429 | val=0.045581 | lr=1.03e-04 | D=-- | D'=--
2026-06-30 03:07:50 | n4_b1p75 | samples= 72,369,384 | speed= 3,564 sps | loss=0.049540 | val=0.050000 | lr=4.16e-04 | D=-- | D'=--
2026-06-30 03:08:18 | n4_b1p75 | samples= 72,469,480 | speed= 3,564 sps | loss=0.051780 | val=0.048313 | lr=3.35e-04 | D=-- | D'=--
2026-06-30 03:08:46 | n4_b1p75 | samples= 72,569,576 | speed= 3,564 sps | loss=0.050137 | val=0.045623 | lr=8.53e-05 | D=-- | D'=--
2026-06-30 03:09:18 | n4_b1p75 | samples= 72,669,672 | speed= 3,168 sps | loss=0.049238 | val=0.045211 | lr=3.92e-05 | D=-- | D'=--
2026-06-30 03:09:49 | n4_b1p75 | samples= 72,769,768 | speed= 3,227 sps | loss=0.048974 | val=0.045185 | lr=5.42e-05 | D=-- | D'=--
2026-06-30 03:10:17 | n4_b1p75 | samples= 72,869,864 | speed= 3,575 sps | loss=0.050385 | val=0.047730 | lr=3.10e-04 | D=-- | D'=--
2026-06-30 03:10:45 | n4_b1p75 | samples= 72,969,960 | speed= 3,569 sps | loss=0.050387 | val=0.046140 | lr=1.61e-04 | D=-- | D'=--
2026-06-30 03:11:17 | n4_b1p75 | samples= 73,070,056 | speed= 3,167 sps | loss=0.049270 | val=0.045155 | lr=5.64e-05 | D=-- | D'=--
2026-06-30 03:11:48 | n4_b1p75 | samples= 73,170,152 | speed= 3,172 sps | loss=0.048800 | val=0.044928 | lr=3.37e-05 | D=-- | D'=--
2026-06-30 03:12:20 | n4_b1p75 | samples= 73,270,248 | speed= 3,171 sps | loss=0.048735 | val=0.044859 | lr=3.62e-05 | D=-- | D'=--
2026-06-30 03:12:51 | n4_b1p75 | samples= 73,370,344 | speed= 3,171 sps | loss=0.048708 | val=0.044844 | lr=3.80e-05 | D=-- | D'=--
2026-06-30 03:13:23 | n4_b1p75 | samples= 73,470,440 | speed= 3,175 sps | loss=0.048621 | val=0.044777 | lr=3.41e-05 | D=-- | D'=--
2026-06-30 03:13:55 | n4_b1p75 | samples= 73,570,536 | speed= 3,106 sps | loss=0.048597 | val=0.044706 | lr=2.26e-05 | D=-- | D'=--
2026-06-30 03:14:27 | n4_b1p75 | samples= 73,670,632 | speed= 3,180 sps | loss=0.048532 | val=0.044658 | lr=2.58e-05 | D=-- | D'=--
2026-06-30 03:14:55 | n4_b1p75 | samples= 73,770,728 | speed= 3,580 sps | loss=0.048453 | val=0.044675 | lr=3.22e-05 | D=-- | D'=--
2026-06-30 03:15:23 | n4_b1p75 | samples= 73,870,824 | speed= 3,571 sps | loss=0.048612 | val=0.044740 | lr=5.35e-05 | D=-- | D'=--
2026-06-30 03:15:51 | n4_b1p75 | samples= 73,970,920 | speed= 3,564 sps | loss=0.048597 | val=0.044792 | lr=6.53e-05 | D=-- | D'=--
2026-06-30 03:16:19 | n4_b1p75 | samples= 74,071,016 | speed= 3,558 sps | loss=0.048663 | val=0.044943 | lr=8.50e-05 | D=-- | D'=--
2026-06-30 03:16:47 | n4_b1p75 | samples= 74,171,112 | speed= 3,552 sps | loss=0.048881 | val=0.045138 | lr=1.02e-04 | D=-- | D'=--
2026-06-30 03:17:15 | n4_b1p75 | samples= 74,271,208 | speed= 3,551 sps | loss=0.048719 | val=0.044780 | lr=6.06e-05 | D=-- | D'=--
2026-06-30 03:17:47 | n4_b1p75 | samples= 74,371,304 | speed= 3,156 sps | loss=0.048564 | val=0.044645 | lr=4.93e-05 | D=-- | D'=--
2026-06-30 03:18:15 | n4_b1p75 | samples= 74,471,400 | speed= 3,555 sps | loss=0.048493 | val=0.044830 | lr=8.23e-05 | D=-- | D'=--
2026-06-30 03:18:43 | n4_b1p75 | samples= 74,571,496 | speed= 3,552 sps | loss=0.048607 | val=0.044701 | lr=6.82e-05 | D=-- | D'=--
2026-06-30 03:19:15 | n4_b1p75 | samples= 74,671,592 | speed= 3,160 sps | loss=0.048526 | val=0.044577 | lr=5.06e-05 | D=-- | D'=--
2026-06-30 03:19:47 | n4_b1p75 | samples= 74,771,688 | speed= 3,165 sps | loss=0.048353 | val=0.044509 | lr=4.40e-05 | D=-- | D'=--
2026-06-30 03:20:15 | n4_b1p75 | samples= 74,871,784 | speed= 3,562 sps | loss=0.048568 | val=0.044806 | lr=1.04e-04 | D=-- | D'=--
2026-06-30 03:20:43 | n4_b1p75 | samples= 74,971,880 | speed= 3,557 sps | loss=0.048757 | val=0.044787 | lr=9.39e-05 | D=-- | D'=--
2026-06-30 03:21:14 | n4_b1p75 | samples= 75,071,976 | speed= 3,162 sps | loss=0.048471 | val=0.044499 | lr=5.04e-05 | D=-- | D'=--
2026-06-30 03:21:46 | n4_b1p75 | samples= 75,172,072 | speed= 3,192 sps | loss=0.048267 | val=0.044381 | lr=3.67e-05 | D=-- | D'=--
2026-06-30 03:22:17 | n4_b1p75 | samples= 75,272,168 | speed= 3,174 sps | loss=0.048226 | val=0.044327 | lr=3.98e-05 | D=-- | D'=--
2026-06-30 03:22:49 | n4_b1p75 | samples= 75,372,264 | speed= 3,198 sps | loss=0.048095 | val=0.044230 | lr=2.86e-05 | D=-- | D'=--
2026-06-30 03:23:17 | n4_b1p75 | samples= 75,472,360 | speed= 3,570 sps | loss=0.048199 | val=0.044257 | lr=2.32e-05 | D=-- | D'=--
2026-06-30 03:23:45 | n4_b1p75 | samples= 75,572,456 | speed= 3,567 sps | loss=0.048133 | val=0.044232 | lr=3.78e-05 | D=-- | D'=--
2026-06-30 03:24:16 | n4_b1p75 | samples= 75,672,552 | speed= 3,171 sps | loss=0.048122 | val=0.044200 | lr=2.08e-05 | D=-- | D'=--
2026-06-30 03:24:48 | n4_b1p75 | samples= 75,772,648 | speed= 3,173 sps | loss=0.047910 | val=0.044140 | lr=1.96e-05 | D=-- | D'=--
2026-06-30 03:25:19 | n4_b1p75 | samples= 75,872,744 | speed= 3,176 sps | loss=0.048070 | val=0.044106 | lr=1.58e-05 | D=-- | D'=--
2026-06-30 03:25:47 | n4_b1p75 | samples= 75,972,840 | speed= 3,571 sps | loss=0.048075 | val=0.044143 | lr=2.04e-05 | D=-- | D'=--
2026-06-30 03:26:19 | n4_b1p75 | samples= 76,072,936 | speed= 3,170 sps | loss=0.048019 | val=0.044089 | lr=2.22e-05 | D=-- | D'=--
2026-06-30 03:26:47 | n4_b1p75 | samples= 76,173,032 | speed= 3,574 sps | loss=0.047972 | val=0.044100 | lr=2.47e-05 | D=-- | D'=--
2026-06-30 03:27:15 | n4_b1p75 | samples= 76,273,128 | speed= 3,566 sps | loss=0.048076 | val=0.044254 | lr=4.87e-05 | D=-- | D'=--
2026-06-30 03:27:43 | n4_b1p75 | samples= 76,373,224 | speed= 3,562 sps | loss=0.048056 | val=0.044169 | lr=4.12e-05 | D=-- | D'=--
2026-06-30 03:28:11 | n4_b1p75 | samples= 76,473,320 | speed= 3,557 sps | loss=0.048059 | val=0.044195 | lr=4.79e-05 | D=-- | D'=--
2026-06-30 03:28:39 | n4_b1p75 | samples= 76,573,416 | speed= 3,556 sps | loss=0.048071 | val=0.044328 | lr=6.25e-05 | D=-- | D'=--
2026-06-30 03:29:08 | n4_b1p75 | samples= 76,673,512 | speed= 3,554 sps | loss=0.048159 | val=0.044411 | lr=7.94e-05 | D=-- | D'=--
2026-06-30 03:29:36 | n4_b1p75 | samples= 76,773,608 | speed= 3,547 sps | loss=0.049473 | val=0.047396 | lr=2.99e-04 | D=-- | D'=--
2026-06-30 03:30:04 | n4_b1p75 | samples= 76,873,704 | speed= 3,548 sps | loss=0.049994 | val=0.045944 | lr=2.04e-04 | D=-- | D'=--
2026-06-30 03:30:32 | n4_b1p75 | samples= 76,973,800 | speed= 3,546 sps | loss=0.048705 | val=0.044443 | lr=4.75e-05 | D=-- | D'=--
2026-06-30 03:31:01 | n4_b1p75 | samples= 77,073,896 | speed= 3,545 sps | loss=0.048209 | val=0.044203 | lr=2.38e-05 | D=-- | D'=--
2026-06-30 03:31:29 | n4_b1p75 | samples= 77,173,992 | speed= 3,546 sps | loss=0.048036 | val=0.044098 | lr=1.72e-05 | D=-- | D'=--
2026-06-30 03:32:01 | n4_b1p75 | samples= 77,274,088 | speed= 3,148 sps | loss=0.047973 | val=0.044080 | lr=2.05e-05 | D=-- | D'=--
2026-06-30 03:32:29 | n4_b1p75 | samples= 77,374,184 | speed= 3,548 sps | loss=0.047878 | val=0.044538 | lr=1.04e-04 | D=-- | D'=--
2026-06-30 03:32:57 | n4_b1p75 | samples= 77,474,280 | speed= 3,551 sps | loss=0.048346 | val=0.044549 | lr=1.14e-04 | D=-- | D'=--
2026-06-30 03:33:25 | n4_b1p75 | samples= 77,574,376 | speed= 3,546 sps | loss=0.048356 | val=0.044340 | lr=8.18e-05 | D=-- | D'=--
2026-06-30 03:33:53 | n4_b1p75 | samples= 77,674,472 | speed= 3,541 sps | loss=0.050457 | val=0.056526 | lr=6.63e-04 | D=-- | D'=--
2026-06-30 03:34:22 | n4_b1p75 | samples= 77,774,568 | speed= 3,543 sps | loss=0.052419 | val=0.046159 | lr=1.97e-04 | D=-- | D'=--
2026-06-30 03:34:50 | n4_b1p75 | samples= 77,874,664 | speed= 3,543 sps | loss=0.048873 | val=0.044677 | lr=3.43e-05 | D=-- | D'=--
2026-06-30 03:35:18 | n4_b1p75 | samples= 77,974,760 | speed= 3,545 sps | loss=0.048305 | val=0.044498 | lr=2.13e-05 | D=-- | D'=--
2026-06-30 03:35:46 | n4_b1p75 | samples= 78,074,856 | speed= 3,541 sps | loss=0.048156 | val=0.044404 | lr=1.60e-05 | D=-- | D'=--
2026-06-30 03:36:15 | n4_b1p75 | samples= 78,174,952 | speed= 3,545 sps | loss=0.048195 | val=0.044809 | lr=1.09e-04 | D=-- | D'=--
2026-06-30 03:36:43 | n4_b1p75 | samples= 78,275,048 | speed= 3,545 sps | loss=0.048403 | val=0.044591 | lr=9.29e-05 | D=-- | D'=--
2026-06-30 03:37:11 | n4_b1p75 | samples= 78,375,144 | speed= 3,546 sps | loss=0.048199 | val=0.044256 | lr=5.36e-05 | D=-- | D'=--
2026-06-30 03:37:39 | n4_b1p75 | samples= 78,475,240 | speed= 3,542 sps | loss=0.047889 | val=0.044188 | lr=5.24e-05 | D=-- | D'=--
2026-06-30 03:38:08 | n4_b1p75 | samples= 78,575,336 | speed= 3,542 sps | loss=0.047920 | val=0.044215 | lr=6.97e-05 | D=-- | D'=--
2026-06-30 03:38:36 | n4_b1p75 | samples= 78,675,432 | speed= 3,541 sps | loss=0.065990 | val=0.065058 | lr=1.46e-03 | D=-- | D'=--
2026-06-30 03:39:04 | n4_b1p75 | samples= 78,775,528 | speed= 3,540 sps | loss=0.053830 | val=0.047459 | lr=1.22e-04 | D=-- | D'=--
2026-06-30 03:39:32 | n4_b1p75 | samples= 78,875,624 | speed= 3,540 sps | loss=0.050440 | val=0.046771 | lr=2.67e-05 | D=-- | D'=--
2026-06-30 03:40:01 | n4_b1p75 | samples= 78,975,720 | speed= 3,543 sps | loss=0.050033 | val=0.046626 | lr=1.34e-05 | D=-- | D'=--
2026-06-30 03:40:29 | n4_b1p75 | samples= 79,075,816 | speed= 3,544 sps | loss=0.050056 | val=0.046552 | lr=1.25e-05 | D=-- | D'=--
2026-06-30 03:40:57 | n4_b1p75 | samples= 79,175,912 | speed= 3,544 sps | loss=0.050050 | val=0.048664 | lr=4.19e-04 | D=-- | D'=--
2026-06-30 03:41:25 | n4_b1p75 | samples= 79,276,008 | speed= 3,545 sps | loss=0.051176 | val=0.047258 | lr=2.74e-04 | D=-- | D'=--
2026-06-30 03:41:54 | n4_b1p75 | samples= 79,376,104 | speed= 3,546 sps | loss=0.049698 | val=0.045602 | lr=7.15e-05 | D=-- | D'=--
2026-06-30 03:42:22 | n4_b1p75 | samples= 79,476,200 | speed= 3,544 sps | loss=0.049011 | val=0.045261 | lr=3.71e-05 | D=-- | D'=--
2026-06-30 03:42:50 | n4_b1p75 | samples= 79,576,296 | speed= 3,546 sps | loss=0.048710 | val=0.045136 | lr=3.28e-05 | D=-- | D'=--
2026-06-30 03:43:18 | n4_b1p75 | samples= 79,676,392 | speed= 3,548 sps | loss=0.048539 | val=0.045118 | lr=4.63e-05 | D=-- | D'=--
2026-06-30 03:43:47 | n4_b1p75 | samples= 79,776,488 | speed= 3,545 sps | loss=0.048549 | val=0.044984 | lr=3.48e-05 | D=-- | D'=--
2026-06-30 03:44:15 | n4_b1p75 | samples= 79,876,584 | speed= 3,544 sps | loss=0.056555 | val=0.048962 | lr=3.83e-04 | D=-- | D'=--
2026-06-30 03:44:43 | n4_b1p75 | samples= 79,976,680 | speed= 3,542 sps | loss=0.050148 | val=0.045942 | lr=3.01e-05 | D=-- | D'=--
2026-06-30 03:45:11 | n4_b1p75 | samples= 80,076,776 | speed= 3,545 sps | loss=0.049275 | val=0.045762 | lr=1.43e-05 | D=-- | D'=--
2026-06-30 03:45:40 | n4_b1p75 | samples= 80,176,872 | speed= 3,544 sps | loss=0.049162 | val=0.045644 | lr=2.24e-05 | D=-- | D'=--
2026-06-30 03:46:08 | n4_b1p75 | samples= 80,276,968 | speed= 3,542 sps | loss=0.048994 | val=0.045521 | lr=3.56e-05 | D=-- | D'=--
2026-06-30 03:46:36 | n4_b1p75 | samples= 80,377,064 | speed= 3,543 sps | loss=0.048940 | val=0.045407 | lr=3.65e-05 | D=-- | D'=--
2026-06-30 03:47:04 | n4_b1p75 | samples= 80,477,160 | speed= 3,545 sps | loss=0.059492 | val=0.060909 | lr=1.21e-03 | D=-- | D'=--
2026-06-30 03:47:33 | n4_b1p75 | samples= 80,577,256 | speed= 3,541 sps | loss=0.053160 | val=0.047507 | lr=8.97e-05 | D=-- | D'=--
2026-06-30 03:48:01 | n4_b1p75 | samples= 80,677,352 | speed= 3,543 sps | loss=0.050515 | val=0.046959 | lr=1.88e-05 | D=-- | D'=--
2026-06-30 03:48:29 | n4_b1p75 | samples= 80,777,448 | speed= 3,543 sps | loss=0.050232 | val=0.046876 | lr=1.16e-05 | D=-- | D'=--
2026-06-30 03:48:57 | n4_b1p75 | samples= 80,877,544 | speed= 3,544 sps | loss=0.050211 | val=0.050483 | lr=8.35e-04 | D=-- | D'=--
2026-06-30 03:49:26 | n4_b1p75 | samples= 80,977,640 | speed= 3,546 sps | loss=0.053624 | val=0.048585 | lr=3.85e-04 | D=-- | D'=--
2026-06-30 03:49:54 | n4_b1p75 | samples= 81,077,736 | speed= 3,546 sps | loss=0.049927 | val=0.045768 | lr=4.45e-05 | D=-- | D'=--
2026-06-30 03:50:22 | n4_b1p75 | samples= 81,177,832 | speed= 3,545 sps | loss=0.049157 | val=0.045572 | lr=2.29e-05 | D=-- | D'=--
2026-06-30 03:50:50 | n4_b1p75 | samples= 81,277,928 | speed= 3,545 sps | loss=0.048854 | val=0.045452 | lr=2.80e-05 | D=-- | D'=--
2026-06-30 03:51:19 | n4_b1p75 | samples= 81,378,024 | speed= 3,543 sps | loss=0.048861 | val=0.045337 | lr=2.49e-05 | D=-- | D'=--
2026-06-30 03:51:47 | n4_b1p75 | samples= 81,478,120 | speed= 3,541 sps | loss=0.073458 | val=0.057183 | lr=1.00e-03 | D=-- | D'=--
2026-06-30 03:52:15 | n4_b1p75 | samples= 81,578,216 | speed= 3,540 sps | loss=0.055809 | val=0.051384 | lr=6.75e-05 | D=-- | D'=--
2026-06-30 03:52:43 | n4_b1p75 | samples= 81,678,312 | speed= 3,538 sps | loss=0.054168 | val=0.051016 | lr=2.57e-05 | D=-- | D'=--
2026-06-30 03:53:12 | n4_b1p75 | samples= 81,778,408 | speed= 3,538 sps | loss=0.075316 | val=0.064520 | lr=2.22e-03 | D=-- | D'=--
2026-06-30 03:53:40 | n4_b1p75 | samples= 81,878,504 | speed= 3,535 sps | loss=0.058902 | val=0.053189 | lr=1.50e-04 | D=-- | D'=--
2026-06-30 03:54:08 | n4_b1p75 | samples= 81,978,600 | speed= 3,534 sps | loss=0.055774 | val=0.052482 | lr=2.74e-05 | D=-- | D'=--
2026-06-30 03:54:37 | n4_b1p75 | samples= 82,078,696 | speed= 3,533 sps | loss=0.055467 | val=0.052250 | lr=3.44e-05 | D=-- | D'=--
2026-06-30 03:55:05 | n4_b1p75 | samples= 82,178,792 | speed= 3,535 sps | loss=0.055164 | val=0.051954 | lr=6.04e-05 | D=-- | D'=--
2026-06-30 03:55:33 | n4_b1p75 | samples= 82,278,888 | speed= 3,532 sps | loss=0.168906 | val=0.163561 | lr=5.17e-02 | D=-- | D'=--
2026-06-30 03:56:02 | n4_b1p75 | samples= 82,378,984 | speed= 3,531 sps | loss=0.149739 | val=0.171217 | lr=8.33e-02 | D=-- | D'=--
2026-06-30 03:56:30 | n4_b1p75 | samples= 82,479,080 | speed= 3,561 sps | loss=1.165048 | val=0.250857 | lr=1.72e-02 | D=-- | D'=--
2026-06-30 03:56:58 | n4_b1p75 | samples= 82,579,176 | speed= 3,539 sps | loss=0.993112 | val=0.248771 | lr=3.24e-02 | D=-- | D'=--
2026-06-30 03:57:26 | n4_b1p75 | samples= 82,679,272 | speed= 3,534 sps | loss=0.244040 | val=0.241428 | lr=7.71e-03 | D=-- | D'=--
2026-06-30 03:57:55 | n4_b1p75 | samples= 82,779,368 | speed= 3,531 sps | loss=0.241152 | val=0.240498 | lr=3.42e-03 | D=-- | D'=--
2026-06-30 03:58:23 | n4_b1p75 | samples= 82,879,464 | speed= 3,531 sps | loss=0.240959 | val=0.240130 | lr=1.77e-03 | D=-- | D'=--
2026-06-30 03:58:51 | n4_b1p75 | samples= 82,979,560 | speed= 3,528 sps | loss=0.240185 | val=0.239866 | lr=1.14e-03 | D=-- | D'=--
2026-06-30 03:59:20 | n4_b1p75 | samples= 83,079,656 | speed= 3,536 sps | loss=0.395393 | val=0.240892 | lr=1.54e-01 | D=-- | D'=--
2026-06-30 03:59:48 | n4_b1p75 | samples= 83,179,752 | speed= 3,532 sps | loss=0.240120 | val=0.239802 | lr=1.12e-01 | D=-- | D'=--
2026-06-30 04:00:16 | n4_b1p75 | samples= 83,279,848 | speed= 3,531 sps | loss=0.239677 | val=0.239739 | lr=9.73e-02 | D=-- | D'=--
2026-06-30 04:00:45 | n4_b1p75 | samples= 83,379,944 | speed= 3,530 sps | loss=0.240559 | val=0.240790 | lr=2.71e-01 | D=-- | D'=--
2026-06-30 04:01:13 | n4_b1p75 | samples= 83,480,040 | speed= 3,528 sps | loss=0.240169 | val=0.345750 | lr=2.43e-01 | D=-- | D'=--
2026-06-30 04:01:41 | n4_b1p75 | samples= 83,580,136 | speed= 3,531 sps | loss=0.239500 | val=0.240127 | lr=2.17e-01 | D=-- | D'=--
2026-06-30 04:02:10 | n4_b1p75 | samples= 83,680,232 | speed= 3,525 sps | loss=0.238976 | val=0.243211 | lr=1.90e-01 | D=-- | D'=--
2026-06-30 04:02:38 | n4_b1p75 | samples= 83,780,328 | speed= 3,526 sps | loss=0.238407 | val=0.239189 | lr=1.65e-01 | D=-- | D'=--
2026-06-30 04:03:07 | n4_b1p75 | samples= 83,880,424 | speed= 3,525 sps | loss=0.237918 | val=0.270102 | lr=1.46e-01 | D=-- | D'=--
2026-06-30 04:03:35 | n4_b1p75 | samples= 83,980,520 | speed= 3,528 sps | loss=0.237227 | val=0.238147 | lr=1.23e-01 | D=-- | D'=--
2026-06-30 04:04:03 | n4_b1p75 | samples= 84,080,616 | speed= 3,528 sps | loss=0.236249 | val=0.236292 | lr=1.02e-01 | D=-- | D'=--
2026-06-30 04:04:32 | n4_b1p75 | samples= 84,180,712 | speed= 3,525 sps | loss=0.235123 | val=0.234829 | lr=8.26e-02 | D=-- | D'=--
2026-06-30 04:05:00 | n4_b1p75 | samples= 84,280,808 | speed= 3,528 sps | loss=0.233960 | val=0.236747 | lr=6.59e-02 | D=-- | D'=--
2026-06-30 04:05:29 | n4_b1p75 | samples= 84,380,904 | speed= 3,526 sps | loss=0.233166 | val=0.232829 | lr=5.27e-02 | D=-- | D'=--
2026-06-30 04:05:57 | n4_b1p75 | samples= 84,481,000 | speed= 3,525 sps | loss=0.231992 | val=0.233159 | lr=3.95e-02 | D=-- | D'=--
2026-06-30 04:06:25 | n4_b1p75 | samples= 84,581,096 | speed= 3,525 sps | loss=0.231027 | val=0.231415 | lr=2.90e-02 | D=-- | D'=--
2026-06-30 04:06:54 | n4_b1p75 | samples= 84,681,192 | speed= 3,529 sps | loss=0.230349 | val=0.229743 | lr=2.01e-02 | D=-- | D'=--
2026-06-30 04:07:22 | n4_b1p75 | samples= 84,781,288 | speed= 3,533 sps | loss=0.229201 | val=0.228522 | lr=1.27e-02 | D=-- | D'=--
2026-06-30 04:07:50 | n4_b1p75 | samples= 84,881,384 | speed= 3,535 sps | loss=0.228148 | val=0.227774 | lr=7.96e-03 | D=-- | D'=--
2026-06-30 04:08:19 | n4_b1p75 | samples= 84,981,480 | speed= 3,537 sps | loss=0.227231 | val=0.226980 | lr=4.57e-03 | D=-- | D'=--
2026-06-30 04:08:47 | n4_b1p75 | samples= 85,081,576 | speed= 3,537 sps | loss=0.226406 | val=0.227969 | lr=2.45e-03 | D=-- | D'=--
2026-06-30 04:09:15 | n4_b1p75 | samples= 85,181,672 | speed= 3,535 sps | loss=0.225999 | val=0.227460 | lr=1.68e-03 | D=-- | D'=--
2026-06-30 04:09:44 | n4_b1p75 | samples= 85,281,768 | speed= 3,539 sps | loss=0.230558 | val=0.240240 | lr=2.62e-01 | D=-- | D'=--
2026-06-30 04:10:12 | n4_b1p75 | samples= 85,381,864 | speed= 3,541 sps | loss=0.239599 | val=0.239388 | lr=2.04e-01 | D=-- | D'=--
2026-06-30 04:10:40 | n4_b1p75 | samples= 85,481,960 | speed= 3,540 sps | loss=0.239088 | val=0.238838 | lr=1.83e-01 | D=-- | D'=--
2026-06-30 04:11:08 | n4_b1p75 | samples= 85,582,056 | speed= 3,540 sps | loss=0.238317 | val=0.239965 | lr=1.59e-01 | D=-- | D'=--
2026-06-30 04:11:37 | n4_b1p75 | samples= 85,682,152 | speed= 3,542 sps | loss=0.237717 | val=0.237327 | lr=1.38e-01 | D=-- | D'=--
2026-06-30 04:12:05 | n4_b1p75 | samples= 85,782,248 | speed= 3,542 sps | loss=0.237259 | val=0.236866 | lr=1.21e-01 | D=-- | D'=--
2026-06-30 04:12:33 | n4_b1p75 | samples= 85,882,344 | speed= 3,545 sps | loss=0.236372 | val=0.235884 | lr=1.00e-01 | D=-- | D'=--
2026-06-30 04:13:01 | n4_b1p75 | samples= 85,982,440 | speed= 3,544 sps | loss=0.235703 | val=0.235146 | lr=8.39e-02 | D=-- | D'=--
2026-06-30 04:13:30 | n4_b1p75 | samples= 86,082,536 | speed= 3,546 sps | loss=0.235061 | val=0.259081 | lr=7.88e-02 | D=-- | D'=--
2026-06-30 04:13:58 | n4_b1p75 | samples= 86,182,632 | speed= 3,547 sps | loss=0.234623 | val=0.234035 | lr=1.02e-01 | D=-- | D'=--
2026-06-30 04:14:26 | n4_b1p75 | samples= 86,282,728 | speed= 3,547 sps | loss=0.233933 | val=0.233835 | lr=1.19e-01 | D=-- | D'=--
2026-06-30 04:14:54 | n4_b1p75 | samples= 86,382,824 | speed= 3,546 sps | loss=0.235094 | val=0.239036 | lr=3.00e-01 | D=-- | D'=--
2026-06-30 04:15:23 | n4_b1p75 | samples= 86,482,920 | speed= 3,540 sps | loss=0.237517 | val=0.239238 | lr=3.00e-01 | D=-- | D'=--
2026-06-30 04:15:51 | n4_b1p75 | samples= 86,583,016 | speed= 3,542 sps | loss=0.238050 | val=0.287343 | lr=2.75e-01 | D=-- | D'=--
2026-06-30 04:16:19 | n4_b1p75 | samples= 86,683,112 | speed= 3,538 sps | loss=0.237727 | val=1.461057 | lr=2.90e-01 | D=-- | D'=--
2026-06-30 04:16:47 | n4_b1p75 | samples= 86,783,208 | speed= 3,543 sps | loss=0.237961 | val=0.324373 | lr=2.98e-01 | D=-- | D'=--
2026-06-30 04:17:16 | n4_b1p75 | samples= 86,883,304 | speed= 3,540 sps | loss=0.238470 | val=0.444322 | lr=2.62e-01 | D=-- | D'=--
2026-06-30 04:17:44 | n4_b1p75 | samples= 86,983,400 | speed= 3,535 sps | loss=0.238745 | val=1.448960 | lr=2.86e-01 | D=-- | D'=--
2026-06-30 04:18:12 | n4_b1p75 | samples= 87,083,496 | speed= 3,536 sps | loss=0.238744 | val=10.236450 | lr=3.00e-01 | D=-- | D'=--
2026-06-30 04:18:40 | n4_b1p75 | samples= 87,183,592 | speed= 3,543 sps | loss=0.239510 | val=0.239242 | lr=3.00e-01 | D=-- | D'=--
2026-06-30 04:19:09 | n4_b1p75 | samples= 87,283,688 | speed= 3,538 sps | loss=0.239737 | val=0.340433 | lr=2.80e-01 | D=-- | D'=--
2026-06-30 04:19:37 | n4_b1p75 | samples= 87,383,784 | speed= 3,531 sps | loss=0.239837 | val=0.244612 | lr=2.54e-01 | D=-- | D'=--
2026-06-30 04:20:05 | n4_b1p75 | samples= 87,483,880 | speed= 3,532 sps | loss=0.239829 | val=0.240176 | lr=2.55e-01 | D=-- | D'=--
2026-06-30 04:20:34 | n4_b1p75 | samples= 87,583,976 | speed= 3,533 sps | loss=0.239451 | val=0.265516 | lr=2.25e-01 | D=-- | D'=--
2026-06-30 04:21:02 | n4_b1p75 | samples= 87,684,072 | speed= 3,532 sps | loss=0.238940 | val=0.301849 | lr=2.02e-01 | D=-- | D'=--
2026-06-30 04:21:30 | n4_b1p75 | samples= 87,784,168 | speed= 3,533 sps | loss=0.238982 | val=0.761163 | lr=2.15e-01 | D=-- | D'=--
2026-06-30 04:21:59 | n4_b1p75 | samples= 87,884,264 | speed= 3,536 sps | loss=0.239213 | val=0.306639 | lr=2.95e-01 | D=-- | D'=--
2026-06-30 04:22:27 | n4_b1p75 | samples= 87,984,360 | speed= 3,536 sps | loss=0.239231 | val=0.239363 | lr=2.86e-01 | D=-- | D'=--
2026-06-30 04:22:55 | n4_b1p75 | samples= 88,084,456 | speed= 3,540 sps | loss=0.239022 | val=0.239272 | lr=2.59e-01 | D=-- | D'=--
2026-06-30 04:23:24 | n4_b1p75 | samples= 88,184,552 | speed= 3,544 sps | loss=0.239355 | val=0.592037 | lr=2.70e-01 | D=-- | D'=--
2026-06-30 04:23:52 | n4_b1p75 | samples= 88,284,648 | speed= 3,542 sps | loss=0.239540 | val=0.239537 | lr=2.45e-01 | D=-- | D'=--
2026-06-30 04:24:20 | n4_b1p75 | samples= 88,384,744 | speed= 3,537 sps | loss=0.239413 | val=0.245848 | lr=2.80e-01 | D=-- | D'=--
2026-06-30 04:24:48 | n4_b1p75 | samples= 88,484,840 | speed= 3,535 sps | loss=0.239083 | val=0.239218 | lr=2.79e-01 | D=-- | D'=--
2026-06-30 04:25:17 | n4_b1p75 | samples= 88,584,936 | speed= 3,534 sps | loss=0.240006 | val=0.239640 | lr=3.00e-01 | D=-- | D'=--
2026-06-30 04:25:45 | n4_b1p75 | samples= 88,685,032 | speed= 3,534 sps | loss=0.239243 | val=0.255770 | lr=2.74e-01 | D=-- | D'=--
2026-06-30 04:26:13 | n4_b1p75 | samples= 88,785,128 | speed= 3,535 sps | loss=0.239172 | val=2.069473 | lr=2.82e-01 | D=-- | D'=--
2026-06-30 04:26:42 | n4_b1p75 | samples= 88,885,224 | speed= 3,535 sps | loss=0.239082 | val=0.295472 | lr=2.49e-01 | D=-- | D'=--
2026-06-30 04:27:10 | n4_b1p75 | samples= 88,985,320 | speed= 3,536 sps | loss=0.239082 | val=0.304467 | lr=2.15e-01 | D=-- | D'=--
2026-06-30 04:27:38 | n4_b1p75 | samples= 89,085,416 | speed= 3,537 sps | loss=0.239150 | val=0.239026 | lr=2.31e-01 | D=-- | D'=--
2026-06-30 04:28:07 | n4_b1p75 | samples= 89,185,512 | speed= 3,538 sps | loss=0.239085 | val=1.237995 | lr=3.00e-01 | D=-- | D'=--
2026-06-30 04:28:35 | n4_b1p75 | samples= 89,285,608 | speed= 3,541 sps | loss=0.239319 | val=0.287522 | lr=2.77e-01 | D=-- | D'=--
2026-06-30 04:29:03 | n4_b1p75 | samples= 89,385,704 | speed= 3,543 sps | loss=0.239559 | val=0.563433 | lr=3.00e-01 | D=-- | D'=--
2026-06-30 04:29:31 | n4_b1p75 | samples= 89,485,800 | speed= 3,542 sps | loss=0.239324 | val=0.391990 | lr=3.00e-01 | D=-- | D'=--
2026-06-30 04:30:00 | n4_b1p75 | samples= 89,585,896 | speed= 3,550 sps | loss=0.239601 | val=0.239294 | lr=3.00e-01 | D=-- | D'=--
2026-06-30 04:30:28 | n4_b1p75 | samples= 89,685,992 | speed= 3,543 sps | loss=0.239186 | val=0.239105 | lr=2.95e-01 | D=-- | D'=--
2026-06-30 04:30:56 | n4_b1p75 | samples= 89,786,088 | speed= 3,543 sps | loss=0.239332 | val=0.498202 | lr=3.00e-01 | D=-- | D'=--
2026-06-30 04:31:24 | n4_b1p75 | samples= 89,886,184 | speed= 3,543 sps | loss=0.239144 | val=1.005579 | lr=2.98e-01 | D=-- | D'=--
2026-06-30 04:31:53 | n4_b1p75 | samples= 89,986,280 | speed= 3,542 sps | loss=0.239196 | val=0.239194 | lr=2.75e-01 | D=-- | D'=--
2026-06-30 04:32:21 | n4_b1p75 | samples= 90,086,376 | speed= 3,545 sps | loss=0.239250 | val=0.239300 | lr=2.90e-01 | D=-- | D'=--
2026-06-30 04:32:49 | n4_b1p75 | samples= 90,186,472 | speed= 3,546 sps | loss=0.239094 | val=0.238857 | lr=2.52e-01 | D=-- | D'=--
2026-06-30 04:33:17 | n4_b1p75 | samples= 90,286,568 | speed= 3,542 sps | loss=0.238927 | val=0.239430 | lr=2.30e-01 | D=-- | D'=--
2026-06-30 04:33:46 | n4_b1p75 | samples= 90,386,664 | speed= 3,545 sps | loss=0.239086 | val=0.238968 | lr=2.84e-01 | D=-- | D'=--
2026-06-30 04:34:14 | n4_b1p75 | samples= 90,486,760 | speed= 3,546 sps | loss=0.239369 | val=0.263586 | lr=2.55e-01 | D=-- | D'=--
2026-06-30 04:34:42 | n4_b1p75 | samples= 90,586,856 | speed= 3,545 sps | loss=0.238968 | val=0.238892 | lr=2.30e-01 | D=-- | D'=--
2026-06-30 04:35:10 | n4_b1p75 | samples= 90,686,952 | speed= 3,546 sps | loss=0.238833 | val=0.239587 | lr=2.04e-01 | D=-- | D'=--
2026-06-30 04:35:38 | n4_b1p75 | samples= 90,787,048 | speed= 3,552 sps | loss=0.239478 | val=0.239229 | lr=2.77e-01 | D=-- | D'=--
2026-06-30 04:36:07 | n4_b1p75 | samples= 90,887,144 | speed= 3,543 sps | loss=0.238972 | val=0.253398 | lr=2.20e-01 | D=-- | D'=--
2026-06-30 04:36:35 | n4_b1p75 | samples= 90,987,240 | speed= 3,542 sps | loss=0.238758 | val=0.238701 | lr=2.32e-01 | D=-- | D'=--
2026-06-30 04:37:03 | n4_b1p75 | samples= 91,087,336 | speed= 3,540 sps | loss=0.238971 | val=0.239333 | lr=2.87e-01 | D=-- | D'=--
2026-06-30 04:37:32 | n4_b1p75 | samples= 91,187,432 | speed= 3,537 sps | loss=0.238960 | val=0.242501 | lr=2.57e-01 | D=-- | D'=--
2026-06-30 04:38:00 | n4_b1p75 | samples= 91,287,528 | speed= 3,538 sps | loss=0.238846 | val=0.241707 | lr=2.22e-01 | D=-- | D'=--
2026-06-30 04:38:28 | n4_b1p75 | samples= 91,387,624 | speed= 3,536 sps | loss=0.238933 | val=0.999173 | lr=2.85e-01 | D=-- | D'=--
2026-06-30 04:38:56 | n4_b1p75 | samples= 91,487,720 | speed= 3,537 sps | loss=0.239017 | val=0.281742 | lr=2.99e-01 | D=-- | D'=--
2026-06-30 04:39:25 | n4_b1p75 | samples= 91,587,816 | speed= 3,537 sps | loss=0.239046 | val=0.241051 | lr=2.98e-01 | D=-- | D'=--
2026-06-30 04:39:53 | n4_b1p75 | samples= 91,687,912 | speed= 3,539 sps | loss=0.239341 | val=0.239219 | lr=2.72e-01 | D=-- | D'=--
2026-06-30 04:40:21 | n4_b1p75 | samples= 91,788,008 | speed= 3,537 sps | loss=0.238918 | val=0.262670 | lr=2.44e-01 | D=-- | D'=--
2026-06-30 04:40:50 | n4_b1p75 | samples= 91,888,104 | speed= 3,536 sps | loss=0.239141 | val=0.263663 | lr=3.00e-01 | D=-- | D'=--
2026-06-30 04:41:18 | n4_b1p75 | samples= 91,988,200 | speed= 3,536 sps | loss=0.239096 | val=0.265909 | lr=2.80e-01 | D=-- | D'=--
2026-06-30 04:41:46 | n4_b1p75 | samples= 92,088,296 | speed= 3,535 sps | loss=0.239044 | val=0.238871 | lr=2.50e-01 | D=-- | D'=--
2026-06-30 04:42:15 | n4_b1p75 | samples= 92,188,392 | speed= 3,534 sps | loss=0.238875 | val=1.347897 | lr=3.00e-01 | D=-- | D'=--
2026-06-30 04:42:43 | n4_b1p75 | samples= 92,288,488 | speed= 3,539 sps | loss=0.239228 | val=0.239086 | lr=2.59e-01 | D=-- | D'=--
2026-06-30 04:43:11 | n4_b1p75 | samples= 92,388,584 | speed= 3,541 sps | loss=0.239098 | val=0.273118 | lr=2.49e-01 | D=-- | D'=--
2026-06-30 04:43:39 | n4_b1p75 | samples= 92,488,680 | speed= 3,536 sps | loss=0.238984 | val=0.239162 | lr=2.98e-01 | D=-- | D'=--
2026-06-30 04:44:08 | n4_b1p75 | samples= 92,588,776 | speed= 3,538 sps | loss=0.239141 | val=0.239622 | lr=2.98e-01 | D=-- | D'=--
2026-06-30 04:44:36 | n4_b1p75 | samples= 92,688,872 | speed= 3,537 sps | loss=0.239235 | val=0.238927 | lr=2.71e-01 | D=-- | D'=--
2026-06-30 04:45:04 | n4_b1p75 | samples= 92,788,968 | speed= 3,536 sps | loss=0.239115 | val=0.611730 | lr=2.72e-01 | D=-- | D'=--
2026-06-30 04:45:33 | n4_b1p75 | samples= 92,889,064 | speed= 3,539 sps | loss=0.239233 | val=0.240549 | lr=2.85e-01 | D=-- | D'=--
2026-06-30 04:46:01 | n4_b1p75 | samples= 92,989,160 | speed= 3,536 sps | loss=0.239231 | val=0.239186 | lr=2.89e-01 | D=-- | D'=--
2026-06-30 04:46:29 | n4_b1p75 | samples= 93,089,256 | speed= 3,544 sps | loss=0.239039 | val=0.239015 | lr=2.64e-01 | D=-- | D'=--
2026-06-30 04:46:57 | n4_b1p75 | samples= 93,189,352 | speed= 3,540 sps | loss=0.238874 | val=0.244567 | lr=2.74e-01 | D=-- | D'=--
2026-06-30 04:47:26 | n4_b1p75 | samples= 93,289,448 | speed= 3,538 sps | loss=0.239067 | val=0.241877 | lr=3.00e-01 | D=-- | D'=--
2026-06-30 04:47:54 | n4_b1p75 | samples= 93,389,544 | speed= 3,538 sps | loss=0.239147 | val=0.239096 | lr=3.00e-01 | D=-- | D'=--
2026-06-30 04:48:22 | n4_b1p75 | samples= 93,489,640 | speed= 3,537 sps | loss=0.239208 | val=0.241550 | lr=3.00e-01 | D=-- | D'=--
2026-06-30 04:48:51 | n4_b1p75 | samples= 93,589,736 | speed= 3,538 sps | loss=0.239124 | val=0.240537 | lr=2.87e-01 | D=-- | D'=--
2026-06-30 04:49:19 | n4_b1p75 | samples= 93,689,832 | speed= 3,540 sps | loss=0.239187 | val=0.239153 | lr=3.00e-01 | D=-- | D'=--
2026-06-30 04:49:47 | n4_b1p75 | samples= 93,789,928 | speed= 3,536 sps | loss=0.239480 | val=0.239534 | lr=3.00e-01 | D=-- | D'=--
2026-06-30 04:50:16 | n4_b1p75 | samples= 93,890,024 | speed= 3,537 sps | loss=0.239538 | val=0.239357 | lr=3.00e-01 | D=-- | D'=--
2026-06-30 04:50:44 | n4_b1p75 | samples= 93,990,120 | speed= 3,533 sps | loss=0.239106 | val=0.239036 | lr=2.97e-01 | D=-- | D'=--
2026-06-30 04:51:12 | n4_b1p75 | samples= 94,090,216 | speed= 3,533 sps | loss=0.239001 | val=0.239829 | lr=2.95e-01 | D=-- | D'=--
2026-06-30 04:51:41 | n4_b1p75 | samples= 94,190,312 | speed= 3,528 sps | loss=0.239140 | val=0.239641 | lr=2.80e-01 | D=-- | D'=--
2026-06-30 04:52:09 | n4_b1p75 | samples= 94,290,408 | speed= 3,531 sps | loss=0.239273 | val=0.238878 | lr=2.37e-01 | D=-- | D'=--
2026-06-30 04:52:37 | n4_b1p75 | samples= 94,390,504 | speed= 3,533 sps | loss=0.238758 | val=2.766176 | lr=2.15e-01 | D=-- | D'=--
2026-06-30 04:53:06 | n4_b1p75 | samples= 94,490,600 | speed= 3,531 sps | loss=0.238701 | val=0.238552 | lr=2.09e-01 | D=-- | D'=--
2026-06-30 04:53:34 | n4_b1p75 | samples= 94,590,696 | speed= 3,533 sps | loss=0.238342 | val=0.238535 | lr=2.36e-01 | D=-- | D'=--
2026-06-30 04:54:02 | n4_b1p75 | samples= 94,690,792 | speed= 3,533 sps | loss=0.238894 | val=0.238732 | lr=2.73e-01 | D=-- | D'=--
2026-06-30 04:54:31 | n4_b1p75 | samples= 94,790,888 | speed= 3,531 sps | loss=0.238573 | val=0.238396 | lr=2.68e-01 | D=-- | D'=--
2026-06-30 04:54:59 | n4_b1p75 | samples= 94,890,984 | speed= 3,531 sps | loss=0.238520 | val=0.238868 | lr=3.00e-01 | D=-- | D'=--
2026-06-30 04:55:27 | n4_b1p75 | samples= 94,991,080 | speed= 3,532 sps | loss=0.238789 | val=0.238501 | lr=2.69e-01 | D=-- | D'=--
2026-06-30 04:55:56 | n4_b1p75 | samples= 95,091,176 | speed= 3,529 sps | loss=0.238740 | val=0.238916 | lr=2.79e-01 | D=-- | D'=--
2026-06-30 04:56:24 | n4_b1p75 | samples= 95,191,272 | speed= 3,528 sps | loss=0.238825 | val=0.238615 | lr=3.00e-01 | D=-- | D'=--
2026-06-30 04:56:52 | n4_b1p75 | samples= 95,291,368 | speed= 3,527 sps | loss=0.238635 | val=0.239012 | lr=3.00e-01 | D=-- | D'=--
2026-06-30 04:57:21 | n4_b1p75 | samples= 95,391,464 | speed= 3,530 sps | loss=0.238747 | val=0.437599 | lr=3.00e-01 | D=-- | D'=--
2026-06-30 04:57:49 | n4_b1p75 | samples= 95,491,560 | speed= 3,528 sps | loss=0.238602 | val=0.255029 | lr=2.76e-01 | D=-- | D'=--
2026-06-30 04:58:18 | n4_b1p75 | samples= 95,591,656 | speed= 3,527 sps | loss=0.238142 | val=0.238337 | lr=2.54e-01 | D=-- | D'=--
2026-06-30 04:58:46 | n4_b1p75 | samples= 95,691,752 | speed= 3,527 sps | loss=0.238538 | val=0.238232 | lr=2.14e-01 | D=-- | D'=--
2026-06-30 04:59:14 | n4_b1p75 | samples= 95,791,848 | speed= 3,523 sps | loss=0.237963 | val=0.237883 | lr=1.88e-01 | D=-- | D'=--
2026-06-30 04:59:43 | n4_b1p75 | samples= 95,891,944 | speed= 3,524 sps | loss=0.237845 | val=0.581702 | lr=1.69e-01 | D=-- | D'=--
2026-06-30 05:00:11 | n4_b1p75 | samples= 95,992,040 | speed= 3,523 sps | loss=0.237851 | val=0.239076 | lr=2.96e-01 | D=-- | D'=--
2026-06-30 05:00:39 | n4_b1p75 | samples= 96,092,136 | speed= 3,536 sps | loss=0.239094 | val=0.239222 | lr=2.56e-01 | D=-- | D'=--
2026-06-30 05:01:08 | n4_b1p75 | samples= 96,192,232 | speed= 3,524 sps | loss=0.238554 | val=0.238636 | lr=2.29e-01 | D=-- | D'=--
2026-06-30 05:01:36 | n4_b1p75 | samples= 96,292,328 | speed= 3,527 sps | loss=0.238714 | val=0.256859 | lr=2.51e-01 | D=-- | D'=--
2026-06-30 05:02:05 | n4_b1p75 | samples= 96,392,424 | speed= 3,526 sps | loss=0.239378 | val=0.240080 | lr=2.99e-01 | D=-- | D'=--
2026-06-30 05:02:33 | n4_b1p75 | samples= 96,492,520 | speed= 3,530 sps | loss=0.239215 | val=0.239098 | lr=2.47e-01 | D=-- | D'=--
2026-06-30 05:03:01 | n4_b1p75 | samples= 96,592,616 | speed= 3,531 sps | loss=0.239020 | val=0.239053 | lr=2.65e-01 | D=-- | D'=--
2026-06-30 05:03:30 | n4_b1p75 | samples= 96,692,712 | speed= 3,529 sps | loss=0.238935 | val=0.239190 | lr=2.98e-01 | D=-- | D'=--
2026-06-30 05:03:58 | n4_b1p75 | samples= 96,792,808 | speed= 3,528 sps | loss=0.238914 | val=0.239141 | lr=2.80e-01 | D=-- | D'=--
2026-06-30 05:04:26 | n4_b1p75 | samples= 96,892,904 | speed= 3,527 sps | loss=0.239071 | val=0.239152 | lr=2.80e-01 | D=-- | D'=--
2026-06-30 05:04:55 | n4_b1p75 | samples= 96,993,000 | speed= 3,531 sps | loss=0.239072 | val=0.835826 | lr=2.97e-01 | D=-- | D'=--
2026-06-30 05:05:23 | n4_b1p75 | samples= 97,093,096 | speed= 3,530 sps | loss=0.239068 | val=0.329651 | lr=2.94e-01 | D=-- | D'=--
2026-06-30 05:05:51 | n4_b1p75 | samples= 97,193,192 | speed= 3,531 sps | loss=0.239382 | val=0.239203 | lr=3.00e-01 | D=-- | D'=--
2026-06-30 05:06:20 | n4_b1p75 | samples= 97,293,288 | speed= 3,529 sps | loss=0.239126 | val=0.238918 | lr=2.89e-01 | D=-- | D'=--
2026-06-30 05:06:48 | n4_b1p75 | samples= 97,393,384 | speed= 3,528 sps | loss=0.239001 | val=0.239118 | lr=2.62e-01 | D=-- | D'=--
2026-06-30 05:07:17 | n4_b1p75 | samples= 97,493,480 | speed= 3,527 sps | loss=0.239239 | val=0.239466 | lr=2.99e-01 | D=-- | D'=--
2026-06-30 05:07:45 | n4_b1p75 | samples= 97,593,576 | speed= 3,529 sps | loss=0.239081 | val=0.240448 | lr=2.78e-01 | D=-- | D'=--
2026-06-30 05:08:13 | n4_b1p75 | samples= 97,693,672 | speed= 3,532 sps | loss=0.238960 | val=0.302586 | lr=2.53e-01 | D=-- | D'=--
2026-06-30 05:08:42 | n4_b1p75 | samples= 97,793,768 | speed= 3,531 sps | loss=0.239048 | val=0.238985 | lr=2.76e-01 | D=-- | D'=--
2026-06-30 05:09:10 | n4_b1p75 | samples= 97,893,864 | speed= 3,532 sps | loss=0.239165 | val=0.239047 | lr=2.82e-01 | D=-- | D'=--
2026-06-30 05:09:38 | n4_b1p75 | samples= 97,993,960 | speed= 3,526 sps | loss=0.239189 | val=0.239297 | lr=3.00e-01 | D=-- | D'=--
2026-06-30 05:10:07 | n4_b1p75 | samples= 98,094,056 | speed= 3,529 sps | loss=0.239222 | val=0.238984 | lr=2.74e-01 | D=-- | D'=--
2026-06-30 05:10:35 | n4_b1p75 | samples= 98,194,152 | speed= 3,531 sps | loss=0.239050 | val=0.502039 | lr=2.87e-01 | D=-- | D'=--
2026-06-30 05:11:03 | n4_b1p75 | samples= 98,294,248 | speed= 3,531 sps | loss=0.238944 | val=0.340955 | lr=2.75e-01 | D=-- | D'=--
2026-06-30 05:11:32 | n4_b1p75 | samples= 98,394,344 | speed= 3,531 sps | loss=0.239080 | val=0.238989 | lr=3.00e-01 | D=-- | D'=--
2026-06-30 05:12:00 | n4_b1p75 | samples= 98,494,440 | speed= 3,537 sps | loss=0.239130 | val=0.239516 | lr=2.90e-01 | D=-- | D'=--
2026-06-30 05:12:28 | n4_b1p75 | samples= 98,594,536 | speed= 3,533 sps | loss=0.238983 | val=0.238660 | lr=2.58e-01 | D=-- | D'=--
2026-06-30 05:12:57 | n4_b1p75 | samples= 98,694,632 | speed= 3,534 sps | loss=0.238419 | val=0.293068 | lr=2.36e-01 | D=-- | D'=--
2026-06-30 05:13:25 | n4_b1p75 | samples= 98,794,728 | speed= 3,530 sps | loss=0.238473 | val=0.238838 | lr=2.32e-01 | D=-- | D'=--
2026-06-30 05:13:53 | n4_b1p75 | samples= 98,894,824 | speed= 3,533 sps | loss=0.238394 | val=0.238524 | lr=3.00e-01 | D=-- | D'=--
2026-06-30 05:14:22 | n4_b1p75 | samples= 98,994,920 | speed= 3,534 sps | loss=0.239125 | val=0.239140 | lr=2.87e-01 | D=-- | D'=--
2026-06-30 05:14:50 | n4_b1p75 | samples= 99,095,016 | speed= 3,537 sps | loss=0.238952 | val=0.930114 | lr=2.64e-01 | D=-- | D'=--
2026-06-30 05:15:18 | n4_b1p75 | samples= 99,195,112 | speed= 3,532 sps | loss=0.239137 | val=0.239313 | lr=3.00e-01 | D=-- | D'=--
2026-06-30 05:15:47 | n4_b1p75 | samples= 99,295,208 | speed= 3,535 sps | loss=0.239048 | val=0.238996 | lr=2.81e-01 | D=-- | D'=--
2026-06-30 05:16:15 | n4_b1p75 | samples= 99,395,304 | speed= 3,533 sps | loss=0.239201 | val=0.239514 | lr=2.78e-01 | D=-- | D'=--
2026-06-30 05:16:43 | n4_b1p75 | samples= 99,495,400 | speed= 3,538 sps | loss=0.238953 | val=0.250572 | lr=2.99e-01 | D=-- | D'=--
2026-06-30 05:17:12 | n4_b1p75 | samples= 99,595,496 | speed= 3,538 sps | loss=0.239474 | val=0.239486 | lr=2.98e-01 | D=-- | D'=--
2026-06-30 05:17:40 | n4_b1p75 | samples= 99,695,592 | speed= 3,536 sps | loss=0.239140 | val=0.241194 | lr=2.76e-01 | D=-- | D'=--
2026-06-30 05:18:08 | n4_b1p75 | samples= 99,795,688 | speed= 3,532 sps | loss=0.238868 | val=0.239100 | lr=2.55e-01 | D=-- | D'=--
2026-06-30 05:18:37 | n4_b1p75 | samples= 99,895,784 | speed= 3,535 sps | loss=0.238651 | val=0.242627 | lr=2.96e-01 | D=-- | D'=--
2026-06-30 05:19:05 | n4_b1p75 | samples= 99,995,880 | speed= 3,531 sps | loss=0.239422 | val=0.239271 | lr=2.89e-01 | D=-- | D'=--
2026-06-30 05:19:09 | n4_b1p75 | samples=100,000,232 | speed=   967 sps | loss=0.239295 | val=0.239347 | lr=2.87e-01 | D=-- | D'=--
